YYYY(기준연도)	IND_CLASS_ORDER(산업분류_차수)	ZONE_C(행정구역분류코드)	D_SEX(사업체_대표자성별)	D_AGE(사업체_대표자생년)	JOSIC_C(조직형태코드)	KUBUN_C(사업체구분코드)	CHANG_Y(설립연도)	CHANG_M(설립월)	SN1_B(산업세세분류)	EMP_JA_M(자영업자_남자)	EMP_JA_F(자영업자_여자)	EMP_JA(자영업자_계)	EMP_MU_M(무급가족종사자_남자)	EMP_MU_F(무급가족종사자_여자)	EMP_MU(무급가족종사자_계)	EMP_SA_M(상용종사자_남자)	EMP_SA_F(상용종사자_여자)	EMP_SA(상용종사자_계)	EMP_IM_M(임시일용종사자_남자)	EMP_IM_F(임시일용종사자_여자)	EMP_IM(임시일용종사자_계)	EMP_MO_M(무급종사자_남자)	EMP_MO_F(무급종사자_여자)	EMP_MO(무급종사자_계)	EMP_TO_M(T종사자_남자)	EMP_TO_F(T종사자_여자)	EMP_TO(T종사자_합계)
2013	9	1110059	2	1955	1	1	2011	11	47812	0	1	1	0	0	0	0	0	0	0	1	1	0	0	0	0	2	2
2013	9	1110059	1	1970	2	2	2004	12	42322	0	0	0	0	0	0	5	2	7	0	10	10	0	0	0	5	12	17
2013	9	1110059	1	1959	1	1	2011	7	46331	1	0	1	0	0	0	0	0	0	0	0	0	0	0	0	1	0	1
2013	9	1110059	2	1973	1	1	2011	5	85501	0	1	1	0	0	0	0	0	0	0	1	1	0	0	0	0	2	2
2013	9	1110059	1	1968	1	1	2011	4	46592	1	0	1	0	0	0	0	1	1	0	0	0	0	0	0	1	1	2
2013	9	1110059	1	1953	2	3	2007	5	47993	0	0	0	0	0	0	1	2	3	0	0	0	0	100	100	1	102	103
2013	9	1110059	1	1987	1	1	2011	11	56194	1	0	1	0	0	0	0	0	0	0	1	1	0	0	0	1	1	2
2013	9	1110059	1	1974	1	1	2010	1	47416	1	0	1	0	1	1	0	0	0	0	0	0	0	0	0	1	1	2
2013	9	1110059	1	1970	4	1	2013	9	94990	0	0	0	0	0	0	3	0	3	0	0	0	0	0	0	3	0	3
2013	9	1110059	1	1945	2	1	2005	11	47312	0	0	0	0	0	0	1	0	1	0	1	1	0	0	0	1	1	2
2013	9	1110059	1	1976	1	1	2011	6	71103	1	0	1	0	0	0	0	1	1	0	0	0	0	0	0	1	1	2
2013	9	1110059	1	1972	2	3	2012	1	56220	0	0	0	0	0	0	0	1	1	2	1	3	0	0	0	2	2	4
2013	9	1110059	1	1966	2	1	2011	10	46742	0	0	0	0	0	0	1	4	5	0	0	0	0	0	0	1	4	5
2013	9	1110059	2	1978	1	1	2013	12	96112	0	1	1	0	0	0	0	0	0	0	0	0	0	0	0	0	1	1
2013	9	1110059	1	1941	1	1	1992	12	47129	1	0	1	1	1	2	0	0	0	0	0	0	0	0	0	2	1	3
2013	9	1110059	1	1973	1	1	2003	4	42500	1	0	1	0	0	0	4	0	4	0	0	0	0	0	0	5	0	5
2013	9	1110059	1	1969	1	1	1999	1	28423	1	0	1	0	0	0	0	0	0	1	0	1	0	0	0	2	0	2
2013	9	1110059	1	1954	1	1	2002	12	47519	1	0	1	0	0	0	0	0	0	0	0	0	0	0	0	1	0	1
2013	9	1110059	1	1965	1	1	2006	8	68221	1	0	1	0	0	0	1	0	1	0	0	0	0	0	0	2	0	2
2013	9	1110059	1	1949	4	1	2013	11	96993	0	0	0	0	0	0	2	3	5	0	0	0	0	0	0	2	3	5
2013	9	1110059	2	1966	1	1	2009	9	96112	0	1	1	0	0	0	0	0	0	0	1	1	0	0	0	0	2	2
2013	9	1110059	1	1936	4	1	1999	4	68211	0	0	0	0	0	0	4	3	7	0	0	0	0	0	0	4	3	7
2013	9	1110059	2	1972	1	1	1998	7	86203	0	1	1	0	0	0	0	3	3	0	0	0	0	0	0	0	4	4
2013	9	1110059	2	1957	1	1	2003	1	68221	0	1	1	0	0	0	0	1	1	0	0	0	0	0	0	0	2	2
2013	9	1110059	1	1959	2	3	2002	1	47312	0	0	0	0	0	0	8	1	9	0	0	0	0	0	0	8	1	9
2013	9	1110059	1	1974	1	1	2007	7	42412	1	0	1	0	1	1	0	0	0	0	0	0	0	0	0	1	1	2
2013	9	1110059	1	1950	1	1	2005	2	96111	1	0	1	0	1	1	0	0	0	0	0	0	0	0	0	1	1	2
2013	9	1110059	2	1955	1	1	2011	9	47911	0	1	1	1	0	1	0	0	0	1	0	1	0	0	0	2	1	3
2013	9	1110059	1	1965	1	1	2007	7	56111	1	0	1	0	0	0	0	0	0	0	2	2	0	0	0	1	2	3
2013	9	1110059	1	1950	1	1	2002	2	42420	1	0	1	0	0	0	0	0	0	0	0	0	0	0	0	1	0	1
2013	9	1110059	2	1966	1	1	2005	2	47219	0	1	1	1	0	1	0	0	0	0	0	0	0	0	0	1	1	2
2013	9	1110059	1	1955	1	1	1999	1	42412	1	0	1	0	1	1	0	0	0	0	0	0	0	0	0	1	1	2
2013	9	1110059	1	1963	1	1	2012	10	87210	1	0	1	0	0	0	0	10	10	0	0	0	0	0	0	1	10	11
2013	9	1110059	2	1962	1	1	1990	1	14411	0	1	1	0	0	0	0	0	0	0	3	3	0	0	0	0	4	4
2013	9	1110059	1	1959	2	1	2005	10	75120	0	0	0	0	0	0	1	1	2	0	0	0	0	0	0	1	1	2
2013	9	1110059	1	1964	1	1	1992	6	95212	1	0	1	0	0	0	2	0	2	0	0	0	0	0	0	3	0	3
2013	9	1110059	2	1956	1	1	2004	1	56212	0	1	1	1	0	1	0	0	0	0	0	0	0	0	0	1	1	2
2013	9	1110059	2	1963	1	1	1989	11	85620	0	1	1	0	0	0	0	0	0	0	0	0	0	0	0	0	1	1
2013	9	1110059	2	1939	1	1	2001	7	47129	0	1	1	1	0	1	0	0	0	0	0	0	0	0	0	1	1	2
2013	9	1110059	2	1990	1	1	2011	2	96112	0	1	1	0	0	0	0	0	0	0	0	0	0	0	0	0	1	1
2013	9	1110059	1	1984	1	1	2011	9	96113	1	0	1	0	0	0	1	0	1	0	0	0	0	0	0	2	0	2
2013	9	1110059	1	1957	2	3	1986	5	45110	0	0	0	0	0	0	23	2	25	0	0	0	0	0	0	23	2	25
2013	9	1110059	2	1959	1	1	2011	3	56111	0	1	1	0	0	0	0	0	0	0	1	1	0	0	0	0	2	2
2013	9	1110059	2	1963	4	1	2012	8	94912	0	0	0	0	0	0	0	1	1	0	0	0	0	0	0	0	1	1
2013	9	1110059	1	1961	1	1	2002	10	28121	1	0	1	0	1	1	0	0	0	0	0	0	0	0	0	1	1	2
2013	9	1110059	2	1970	1	1	2012	5	47813	0	1	1	0	0	0	0	2	2	0	2	2	0	0	0	0	5	5
2013	9	1110059	1	1949	1	1	2001	2	38302	1	0	1	0	0	0	2	1	3	0	0	0	0	0	0	3	1	4
2013	9	1110059	1	1962	1	1	2006	6	56191	1	0	1	0	0	0	0	1	1	1	2	3	0	0	0	2	3	5
2013	9	1110059	2	1964	1	1	2007	6	56219	0	1	1	0	0	0	0	0	0	0	1	1	0	0	0	0	2	2
2013	9	1110059	2	1965	1	1	2009	8	56111	0	1	1	0	0	0	0	2	2	0	0	0	0	0	0	0	3	3
2013	9	1110059	2	1972	1	1	2011	5	96112	0	1	1	0	0	0	0	1	1	0	0	0	0	0	0	0	2	2
2013	9	1110059	2	1960	4	1	1996	9	85110	0	0	0	0	0	0	0	10	10	0	0	0	0	0	0	0	10	10
2013	9	1110059	1	1955	1	1	2010	6	56111	1	0	1	0	1	1	0	0	0	0	0	0	0	0	0	1	1	2
2013	9	1110059	1	1955	1	1	2011	12	47992	1	0	1	0	0	0	0	0	0	2	0	2	0	0	0	3	0	3
2013	9	1110059	1	1974	1	1	2011	12	47212	1	0	1	0	1	1	0	0	0	0	0	0	0	0	0	1	1	2
2013	9	1110059	2	1956	5	1	1991	3	85211	0	0	0	0	0	0	17	66	83	0	0	0	0	0	0	17	66	83
2013	9	1110059	2	1984	1	1	2013	1	47813	0	1	1	0	0	0	0	0	0	0	0	0	0	0	0	0	1	1
2013	9	1110059	2	1957	1	1	2008	1	68221	0	1	1	0	0	0	0	0	0	0	0	0	0	0	0	0	1	1
2013	9	1110059	1	1962	1	1	2010	11	68221	1	0	1	0	0	0	0	0	0	0	0	0	0	0	0	1	0	1
2013	9	1110059	1	1955	1	1	2013	3	56199	1	0	1	0	0	0	0	0	0	0	0	0	0	0	0	1	0	1
2013	9	1110059	2	1955	1	1	2011	7	56111	0	1	1	0	0	0	0	0	0	1	0	1	0	0	0	1	1	2
2013	9	1110059	2	1970	1	1	2011	5	47413	0	1	1	0	0	0	0	0	0	0	0	0	0	0	0	0	1	1
2013	9	1110059	2	1950	1	1	2012	5	47813	0	1	1	0	0	0	0	0	0	0	1	1	0	0	0	0	2	2
2013	9	1110059	2	1953	1	1	2013	6	47631	0	1	1	0	0	0	0	0	0	0	1	1	0	0	0	0	2	2
2013	9	1110059	1	1963	1	1	2011	10	47852	1	0	1	0	1	1	0	0	0	0	0	0	0	0	0	1	1	2
2013	9	1110059	2	1970	2	2	2001	3	56120	0	0	0	0	0	0	3	3	6	0	0	0	0	0	0	3	3	6
2013	9	1110059	1	1941	1	1	2013	10	96992	1	0	1	0	0	0	0	0	0	0	0	0	0	0	0	1	0	1
2013	9	1110059	1	1958	1	1	2011	6	47411	1	0	1	0	1	1	0	0	0	0	0	0	0	0	0	1	1	2
2013	9	1110059	1	1965	1	1	2008	1	32021	1	0	1	0	0	0	3	0	3	0	0	0	0	0	0	4	0	4
2013	9	1110059	1	1977	1	1	2010	10	46319	1	0	1	0	0	0	2	0	2	0	0	0	0	0	0	3	0	3
2013	9	1110059	2	1959	1	1	2012	11	47219	0	1	1	0	0	0	0	0	0	0	0	0	0	0	0	0	1	1
2013	9	1110059	1	1968	1	1	2012	7	95212	1	0	1	0	0	0	0	0	0	1	0	1	0	0	0	2	0	2
2013	9	1110059	2	1971	1	1	2009	1	91223	0	1	1	0	0	0	0	0	0	0	0	0	0	0	0	0	1	1
2013	9	1110059	1	1938	1	1	2002	4	47129	1	0	1	0	1	1	0	0	0	0	0	0	0	0	0	1	1	2
2013	9	1110059	2	1966	1	1	1994	5	96112	0	1	1	0	0	0	0	0	0	0	1	1	0	0	0	0	2	2
2013	9	1110059	2	1973	1	1	2013	12	96912	0	1	1	0	0	0	0	0	0	0	0	0	0	0	0	0	1	1
2013	9	1110059	1	1971	1	1	1990	9	91131	1	0	1	0	0	0	0	0	0	1	0	1	0	0	0	2	0	2
2013	9	1110059	2	1970	1	1	2013	3	56194	0	1	1	0	0	0	0	0	0	0	2	2	0	0	0	0	3	3
2013	9	1110059	1	1945	1	1	1995	2	68212	1	0	1	0	0	0	2	0	2	0	0	0	0	0	0	3	0	3
2013	9	1110059	1	1976	2	3	2012	8	56220	0	0	0	0	0	0	2	0	2	3	0	3	0	0	0	5	0	5
2013	9	1110059	2	1957	1	1	2012	11	96129	0	1	1	0	0	0	0	0	0	0	0	0	0	0	0	0	1	1
2013	9	1110059	1	1953	1	1	1990	8	95391	1	0	1	0	0	0	0	0	0	0	0	0	0	0	0	1	0	1
2013	9	1110059	2	1965	1	1	1997	2	56220	0	1	1	0	0	0	0	0	0	0	1	1	0	0	0	0	2	2
2013	9	1110059	2	1963	1	1	2004	7	56219	0	1	1	1	0	1	0	0	0	0	0	0	0	0	0	1	1	2
2013	9	1110059	2	1954	1	1	2011	10	56193	0	1	1	1	0	1	0	0	0	0	0	0	0	0	0	1	1	2
2013	9	1110059	2	1946	1	1	1996	11	47129	0	1	1	1	0	1	0	0	0	0	0	0	0	0	0	1	1	2
2013	9	1110059	2	1969	1	1	2000	1	86202	0	1	1	0	0	0	0	2	2	0	0	0	0	0	0	0	3	3
2013	9	1110059	1	1974	1	1	2008	5	86201	1	0	1	0	0	0	2	4	6	0	0	0	0	0	0	3	4	7
2013	9	1110059	2	1964	1	1	2002	4	86201	0	1	1	0	0	0	0	3	3	0	0	0	0	0	0	0	4	4
2013	9	1110059	1	1963	2	2	2006	4	27212	0	0	0	0	0	0	2	1	3	0	0	0	0	0	0	2	1	3
2013	9	1110059	1	1975	1	1	2007	11	47811	1	0	1	0	0	0	0	1	1	0	0	0	0	0	0	1	1	2
2013	9	1110059	1	1968	1	1	2002	10	71202	1	0	1	0	0	0	0	1	1	0	0	0	0	0	0	1	1	2
2013	9	1110059	2	1971	1	1	2011	11	96112	0	1	1	0	0	0	0	1	1	0	0	0	0	0	0	0	2	2
2013	9	1110059	2	1955	1	1	2002	1	96112	0	1	1	0	0	0	0	0	0	0	1	1	0	0	0	0	2	2
2013	9	1110059	1	1958	1	1	1997	5	47212	1	0	1	0	0	0	0	0	0	1	0	1	0	0	0	2	0	2
2013	9	1110059	2	1963	1	1	2010	8	56191	0	1	1	0	0	0	0	0	0	0	4	4	0	0	0	0	5	5
2013	9	1110059	2	1953	4	1	1993	5	87210	0	0	0	0	0	0	0	14	14	0	0	0	0	0	0	0	14	14
2013	9	1110059	1	1950	1	1	2010	1	47129	1	0	1	0	1	1	0	0	0	0	0	0	0	0	0	1	1	2
2013	9	1110059	1	1954	1	1	1981	9	95212	1	0	1	0	0	0	0	0	0	0	1	1	0	0	0	1	1	2
2013	9	1110059	2	1953	5	1	2002	3	85212	0	0	0	0	0	0	23	38	61	5	6	11	0	0	0	28	44	72
2013	9	1110059	1	1953	1	1	2003	1	68221	1	0	1	0	0	0	1	0	1	0	0	0	0	0	0	2	0	2
2013	9	1110059	2	1959	1	1	2009	12	47416	0	1	1	0	0	0	0	0	0	0	0	0	0	0	0	0	1	1
2013	9	1110059	2	1972	1	1	2007	3	56194	0	1	1	0	0	0	0	0	0	0	1	1	0	0	0	0	2	2
2013	9	1110059	1	1954	4	1	1990	12	94912	0	0	0	0	0	0	1	1	2	0	0	0	1	0	1	2	1	3
2013	9	1110059	1	1981	1	1	2011	6	91222	1	0	1	1	3	4	0	0	0	0	0	0	0	0	0	2	3	5
2013	9	1110059	1	1946	1	1	1993	4	68212	1	0	1	0	0	0	3	1	4	0	0	0	0	0	0	4	1	5
2013	9	1110059	2	1971	1	1	2008	3	68221	0	1	1	0	0	0	0	1	1	0	0	0	0	0	0	0	2	2
2013	9	1110059	1	1959	1	1	2005	4	47993	1	0	1	0	0	0	0	4	4	0	0	0	0	101	101	1	105	106
2013	9	1110059	1	1958	4	1	2000	11	94912	0	0	0	0	0	0	1	0	1	0	0	0	0	1	1	1	1	2
2013	9	1110059	1	1963	1	1	2013	8	91222	1	0	1	0	0	0	0	0	0	0	0	0	0	0	0	1	0	1
2013	9	1110059	2	1972	1	1	2003	1	49311	0	1	1	0	0	0	1	0	1	2	1	3	0	0	0	3	2	5
2013	9	1110059	2	1970	1	1	2003	2	85620	0	1	1	0	0	0	0	0	0	0	0	0	0	0	0	0	1	1
2013	9	1110059	1	1956	1	1	2012	9	47212	1	0	1	0	1	1	0	0	0	0	0	0	0	0	0	1	1	2
2013	9	1110059	2	1957	1	1	2013	12	96992	0	1	1	0	0	0	0	0	0	0	0	0	0	0	0	0	1	1
2013	9	1110059	2	1970	1	1	2012	6	85502	0	1	1	0	0	0	0	1	1	0	0	0	0	0	0	0	2	2
2013	9	1110059	2	1964	1	1	2012	9	96113	0	1	1	0	0	0	0	0	0	0	0	0	0	0	0	0	1	1
2013	9	1110059	2	1964	1	1	2012	3	56219	0	1	1	0	0	0	0	0	0	0	1	1	0	0	0	0	2	2
2013	9	1110059	1	1961	1	1	2012	4	47812	1	0	1	0	0	0	0	1	1	0	0	0	0	0	0	1	1	2
2013	9	1110059	2	1957	1	1	2012	7	47420	0	1	1	0	0	0	0	0	0	0	1	1	0	0	0	0	2	2
2013	9	1110059	1	1962	1	1	2012	7	47129	1	0	1	0	1	1	0	0	0	0	0	0	0	0	0	1	1	2
2013	9	1110059	1	1982	1	1	2012	6	68221	1	0	1	0	1	1	0	0	0	0	0	0	0	0	0	1	1	2
2013	9	1110059	1	1963	2	3	2013	12	56220	0	0	0	0	0	0	1	9	10	0	0	0	0	0	0	1	9	10
2013	9	1110059	1	1973	2	1	2012	4	42412	0	0	0	0	0	0	1	1	2	0	0	0	0	0	0	1	1	2
2013	9	1110059	2	1974	1	1	2012	10	96112	0	1	1	0	0	0	0	0	0	0	1	1	0	0	0	0	2	2
2013	9	1110059	2	1955	1	1	2012	9	56111	0	1	1	0	0	0	0	0	0	0	1	1	0	0	0	0	2	2
2013	9	1110059	1	1978	1	1	2012	10	86201	1	0	1	0	0	0	0	3	3	0	0	0	0	0	0	1	3	4
2013	9	1110059	2	1954	1	1	2012	9	56194	0	1	1	0	0	0	0	0	0	0	1	1	0	0	0	0	2	2
2013	9	1110059	1	1946	1	1	2009	2	91223	1	0	1	0	0	0	1	0	1	0	0	0	0	0	0	2	0	2
2013	9	1110059	2	1980	1	1	2012	9	46105	0	1	1	0	0	0	0	0	0	0	1	1	0	0	0	0	2	2
2013	9	1110059	1	1946	1	1	2012	1	68221	1	0	1	0	0	0	1	0	1	0	0	0	0	0	0	2	0	2
2013	9	1110059	2	1966	1	1	2012	10	96112	0	1	1	0	0	0	0	0	0	0	1	1	0	0	0	0	2	2
2013	9	1110059	1	1965	1	1	2012	5	56112	1	0	1	0	1	1	0	0	0	0	0	0	0	0	0	1	1	2
2013	9	1110059	2	1978	1	1	2012	7	56220	0	1	1	0	0	0	0	1	1	0	0	0	0	0	0	0	2	2
2013	9	1110059	2	1962	1	1	2011	3	56111	0	1	1	0	0	0	0	0	0	0	1	1	0	0	0	0	2	2
2013	9	1110059	2	1963	1	1	2012	9	86201	0	1	1	0	0	0	0	6	6	0	1	1	0	0	0	0	8	8
2013	9	1110059	1	1966	1	1	2012	8	47411	1	0	1	1	0	1	0	0	0	0	0	0	0	0	0	2	0	2
2013	9	1110059	2	1963	1	1	2012	6	96912	0	1	1	1	0	1	0	0	0	0	0	0	0	0	0	1	1	2
2013	9	1110059	2	1960	1	1	2012	7	47416	0	1	1	0	0	0	0	0	0	0	1	1	0	0	0	0	2	2
2013	9	1110059	1	1972	1	1	2012	5	85502	1	0	1	0	0	0	0	1	1	0	0	0	0	0	0	1	1	2
2013	9	1110059	1	1974	2	1	2012	7	75211	0	0	0	0	0	0	1	3	4	0	0	0	0	0	0	1	3	4
2013	9	1110059	1	1976	1	1	2012	5	95121	1	0	1	0	0	0	0	0	0	0	0	0	0	0	0	1	0	1
2013	9	1110059	2	1957	1	1	2012	4	56211	0	1	1	0	0	0	0	0	0	0	1	1	0	0	0	0	2	2
2013	9	1110059	1	1966	1	1	2012	6	58222	1	0	1	0	0	0	0	0	0	0	0	0	0	0	0	1	0	1
2013	9	1110059	2	1954	1	1	2012	8	85659	0	1	1	0	0	0	0	6	6	0	0	0	0	0	0	0	7	7
2013	9	1110059	2	1958	1	1	2012	8	87210	0	1	1	0	0	0	0	10	10	0	0	0	0	0	0	0	11	11
2013	9	1110059	2	1973	1	1	2012	10	96112	0	1	1	0	0	0	0	1	1	0	0	0	0	0	0	0	2	2
2013	9	1110059	2	1974	1	1	2012	3	56220	0	1	1	0	0	0	0	0	0	1	0	1	0	0	0	1	1	2
2013	9	1110059	1	1960	1	1	2012	8	68221	1	0	1	0	1	1	0	0	0	0	0	0	0	0	0	1	1	2
2013	9	1110059	2	1959	1	1	2012	8	47216	0	1	1	0	0	0	0	0	0	0	1	1	0	0	0	0	2	2
2013	9	1110059	2	1961	1	1	2012	6	91223	0	1	1	0	0	0	0	0	0	0	0	0	0	0	0	0	1	1
2013	9	1110059	2	1961	1	1	2012	3	47416	0	1	1	0	0	0	0	0	0	0	0	0	0	0	0	0	1	1
2013	9	1110059	1	1961	4	1	2012	4	94912	0	0	0	0	0	0	1	0	1	1	0	1	0	0	0	2	0	2
2013	9	1110059	2	1971	1	1	2012	4	56219	0	1	1	0	0	0	0	0	0	0	1	1	0	0	0	0	2	2
2013	9	1110059	1	1939	4	1	2012	5	68212	0	0	0	0	0	0	2	0	2	0	1	1	0	0	0	2	1	3
2013	9	1110059	2	1968	1	1	2012	1	87210	0	1	1	0	0	0	0	3	3	0	0	0	0	0	0	0	4	4
2013	9	1110059	2	1959	1	1	2012	8	87210	0	1	1	0	0	0	0	3	3	0	0	0	0	0	0	0	4	4
2013	9	1110059	2	1973	1	1	2012	9	47129	0	1	1	1	0	1	0	0	0	0	0	0	0	0	0	1	1	2
2013	9	1110059	2	1973	1	1	2012	5	86902	0	1	1	0	0	0	1	1	2	0	2	2	0	0	0	1	4	5
2013	9	1110059	2	1975	1	1	2013	3	85620	0	1	1	0	0	0	0	1	1	0	0	0	0	0	0	0	2	2
2013	9	1110059	1	1944	1	1	2012	5	47129	1	0	1	0	1	1	0	0	0	0	0	0	0	0	0	1	1	2
2013	9	1110059	2	1976	1	1	2013	3	87210	0	1	1	0	0	0	0	3	3	0	0	0	0	0	0	0	4	4
2013	9	1110059	2	1959	1	1	2012	5	56219	0	1	1	0	0	0	1	2	3	0	0	0	0	0	0	1	3	4
2013	9	1110059	1	1957	1	1	2011	3	56212	1	0	1	0	0	0	1	0	1	0	0	0	0	0	0	2	0	2
2013	9	1110059	2	1957	1	1	2013	3	56111	0	1	1	0	0	0	0	0	0	0	0	0	0	0	0	0	1	1
2013	9	1110059	2	1958	1	1	2005	3	85659	0	1	1	0	0	0	0	0	0	0	0	0	0	0	0	0	1	1
2013	9	1110059	1	1961	2	1	2012	8	46105	0	0	0	0	0	0	1	0	1	0	1	1	0	0	0	1	1	2
2013	9	1110059	1	1977	1	1	2012	7	66199	1	0	1	0	0	0	0	1	1	0	0	0	0	0	0	1	1	2
2013	9	1110059	2	1954	1	1	2012	11	75110	0	1	1	0	0	0	1	0	1	0	0	0	0	0	0	1	1	2
2013	9	1110059	2	1959	1	1	2012	1	96122	0	1	1	0	0	0	0	0	0	0	0	0	0	0	0	0	1	1
2013	9	1110059	2	1966	1	1	2012	1	68221	0	1	1	0	0	0	1	0	1	0	0	0	0	0	0	1	1	2
2013	9	1110059	1	1964	1	1	2001	4	96912	1	0	1	0	0	0	0	0	0	0	0	0	0	0	0	1	0	1
2013	9	1110059	2	1960	1	1	2012	7	47122	0	1	1	0	0	0	0	0	0	3	1	4	0	0	0	3	2	5
2013	9	1110059	2	1964	2	3	2012	5	47121	0	0	0	0	0	0	8	7	15	0	0	0	0	0	0	8	7	15
2013	9	1110059	2	1960	1	1	2012	8	47511	0	1	1	1	0	1	0	0	0	0	0	0	0	0	0	1	1	2
2013	9	1110059	2	1947	1	1	2012	7	47612	0	1	1	0	0	0	1	0	1	1	0	1	0	0	0	2	1	3
2013	9	1110059	2	1981	1	1	2012	5	87210	0	1	1	0	0	0	0	4	4	0	0	0	0	0	0	0	5	5
2013	9	1110059	1	1953	1	1	2005	7	49231	1	0	1	0	0	0	0	0	0	0	0	0	0	0	0	1	0	1
2013	9	1110059	1	1954	1	1	2005	7	49231	1	0	1	0	0	0	0	0	0	0	0	0	0	0	0	1	0	1
2013	9	1110059	1	1944	1	1	2005	7	49231	1	0	1	0	0	0	0	0	0	0	0	0	0	0	0	1	0	1
2013	9	1110059	1	1949	1	1	2010	1	49312	1	0	1	0	0	0	0	0	0	0	0	0	0	0	0	1	0	1
2013	9	1110059	1	1954	1	1	1996	7	49312	1	0	1	0	0	0	0	0	0	0	0	0	0	0	0	1	0	1
2013	9	1110059	1	1944	1	1	2006	12	49231	1	0	1	0	0	0	0	0	0	0	0	0	0	0	0	1	0	1
2013	9	1110059	1	1943	1	1	2006	12	49231	1	0	1	0	0	0	0	0	0	0	0	0	0	0	0	1	0	1
2013	9	1110059	1	1952	1	1	2005	7	49231	1	0	1	0	0	0	0	0	0	0	0	0	0	0	0	1	0	1
2013	9	1110059	1	1946	1	1	2008	1	49231	1	0	1	0	0	0	0	0	0	0	0	0	0	0	0	1	0	1
2013	9	1110059	1	1943	1	1	2003	9	49231	1	0	1	0	0	0	0	0	0	0	0	0	0	0	0	1	0	1
2013	9	1110059	1	1934	1	1	1980	11	49312	1	0	1	0	0	0	0	0	0	0	0	0	0	0	0	1	0	1
2013	9	1110059	1	1944	1	1	2009	7	49312	1	0	1	0	0	0	0	0	0	0	0	0	0	0	0	1	0	1
2013	9	1110059	2	1953	1	1	2008	1	49312	0	1	1	0	0	0	0	0	0	0	0	0	0	0	0	0	1	1
2013	9	1110059	1	1958	1	1	2002	8	49312	1	0	1	0	0	0	0	0	0	0	0	0	0	0	0	1	0	1
2013	9	1110059	1	1950	1	1	2001	3	49312	1	0	1	0	0	0	0	0	0	0	0	0	0	0	0	1	0	1
2013	9	1110059	1	1949	1	1	2003	9	49231	1	0	1	0	0	0	0	0	0	0	0	0	0	0	0	1	0	1
2013	9	1110059	1	1958	1	1	2005	7	49231	1	0	1	0	0	0	0	0	0	0	0	0	0	0	0	1	0	1
2013	9	1110059	1	1949	1	1	2011	4	49231	1	0	1	0	0	0	0	0	0	0	0	0	0	0	0	1	0	1
2013	9	1110059	1	1954	1	1	2009	5	49231	1	0	1	0	0	0	0	0	0	0	0	0	0	0	0	1	0	1
2013	9	1110059	1	1950	1	1	2003	9	49231	1	0	1	0	0	0	0	0	0	0	0	0	0	0	0	1	0	1
2013	9	1110059	1	1948	1	1	2005	7	49231	1	0	1	0	0	0	0	0	0	0	0	0	0	0	0	1	0	1
2013	9	1110059	1	1979	1	1	1986	6	49231	1	0	1	0	0	0	0	0	0	0	0	0	0	0	0	1	0	1
2013	9	1110059	1	1946	1	1	2009	3	49231	1	0	1	0	0	0	0	0	0	0	0	0	0	0	0	1	0	1
2013	9	1110059	1	1947	1	1	2003	9	49231	1	0	1	0	0	0	0	0	0	0	0	0	0	0	0	1	0	1
2013	9	1110059	1	1950	1	1	2005	7	49231	1	0	1	0	0	0	0	0	0	0	0	0	0	0	0	1	0	1
2013	9	1110059	1	1957	1	1	2008	2	49231	1	0	1	0	0	0	0	0	0	0	0	0	0	0	0	1	0	1
2013	9	1110059	1	1950	1	1	2003	9	49231	1	0	1	0	0	0	0	0	0	0	0	0	0	0	0	1	0	1
2013	9	1110059	1	1949	1	1	2005	7	49231	1	0	1	0	0	0	0	0	0	0	0	0	0	0	0	1	0	1
2013	9	1110059	1	1946	1	1	2003	9	49231	1	0	1	0	0	0	0	0	0	0	0	0	0	0	0	1	0	1
2013	9	1110059	1	1940	1	1	2005	7	49231	1	0	1	0	0	0	0	0	0	0	0	0	0	0	0	1	0	1
2013	9	1110059	1	1940	1	1	2009	3	49231	1	0	1	0	0	0	0	0	0	0	0	0	0	0	0	1	0	1
2013	9	1110059	1	1972	1	1	2013	1	49231	1	0	1	0	0	0	0	0	0	0	0	0	0	0	0	1	0	1
2013	9	1110059	1	1970	1	1	1999	10	49312	1	0	1	0	0	0	0	0	0	0	0	0	0	0	0	1	0	1
2013	9	1110059	1	1943	1	1	2005	7	49231	1	0	1	0	0	0	0	0	0	0	0	0	0	0	0	1	0	1
2013	9	1110059	1	1957	1	1	2002	2	49312	1	0	1	0	0	0	0	0	0	0	0	0	0	0	0	1	0	1
2013	9	1110059	1	1979	1	1	2003	9	49231	1	0	1	0	0	0	0	0	0	0	0	0	0	0	0	1	0	1
2013	9	1110059	1	1955	1	1	2003	9	49231	1	0	1	0	0	0	0	0	0	0	0	0	0	0	0	1	0	1
2013	9	1110059	1	1979	1	1	1997	12	49231	1	0	1	0	0	0	0	0	0	0	0	0	0	0	0	1	0	1
2013	9	1110059	1	1949	1	1	2003	9	49231	1	0	1	0	0	0	0	0	0	0	0	0	0	0	0	1	0	1
2013	9	1110059	1	1961	1	1	2003	9	49231	1	0	1	0	0	0	0	0	0	0	0	0	0	0	0	1	0	1
2013	9	1110059	1	1953	1	1	2004	3	49231	1	0	1	0	0	0	0	0	0	0	0	0	0	0	0	1	0	1
2013	9	1110059	1	1951	1	1	2003	12	49231	1	0	1	0	0	0	0	0	0	0	0	0	0	0	0	1	0	1
2013	9	1110059	1	1954	1	1	2005	9	49231	1	0	1	0	0	0	0	0	0	0	0	0	0	0	0	1	0	1
2013	9	1110059	1	1947	1	1	2003	9	49231	1	0	1	0	0	0	0	0	0	0	0	0	0	0	0	1	0	1
2013	9	1110059	1	1948	1	1	2006	10	49231	1	0	1	0	0	0	0	0	0	0	0	0	0	0	0	1	0	1
2013	9	1110059	1	1943	1	1	2003	9	49231	1	0	1	0	0	0	0	0	0	0	0	0	0	0	0	1	0	1
2013	9	1110059	1	1957	1	1	2001	5	49312	1	0	1	0	0	0	0	0	0	0	0	0	0	0	0	1	0	1
2013	9	1110059	1	1961	1	1	2008	1	49312	1	0	1	0	0	0	0	0	0	0	0	0	0	0	0	1	0	1
2013	9	1110059	1	1953	1	1	1994	6	49312	1	0	1	0	0	0	0	0	0	0	0	0	0	0	0	1	0	1
2013	9	1110059	1	1955	1	1	2006	12	49312	1	0	1	0	0	0	0	0	0	0	0	0	0	0	0	1	0	1
2013	9	1110059	1	1958	1	1	1997	2	49231	1	0	1	0	0	0	0	0	0	0	0	0	0	0	0	1	0	1
2013	9	1110059	1	1954	1	1	2003	9	49231	1	0	1	0	0	0	0	0	0	0	0	0	0	0	0	1	0	1
2013	9	1110059	1	1949	1	1	2006	12	49231	1	0	1	0	0	0	0	0	0	0	0	0	0	0	0	1	0	1
2013	9	1110059	1	1952	1	1	2004	9	49231	1	0	1	0	0	0	0	0	0	0	0	0	0	0	0	1	0	1
2013	9	1110059	1	1947	1	1	2003	9	49231	1	0	1	0	0	0	0	0	0	0	0	0	0	0	0	1	0	1
2013	9	1110059	1	1946	1	1	2003	12	49231	1	0	1	0	0	0	0	0	0	0	0	0	0	0	0	1	0	1
2013	9	1110059	1	1958	1	1	2003	12	49231	1	0	1	0	0	0	0	0	0	0	0	0	0	0	0	1	0	1
2013	9	1110059	1	1948	1	1	2004	12	49231	1	0	1	0	0	0	0	0	0	0	0	0	0	0	0	1	0	1
2013	9	1110059	1	1952	1	1	2008	1	49231	1	0	1	0	0	0	0	0	0	0	0	0	0	0	0	1	0	1
2013	9	1110059	1	1956	1	1	2005	7	49231	1	0	1	0	0	0	0	0	0	0	0	0	0	0	0	1	0	1
2013	9	1110059	1	1951	1	1	2005	7	49231	1	0	1	0	0	0	0	0	0	0	0	0	0	0	0	1	0	1
2013	9	1110059	1	1946	1	1	2003	9	49231	1	0	1	0	0	0	0	0	0	0	0	0	0	0	0	1	0	1
2013	9	1110059	1	1935	1	1	2004	9	49231	1	0	1	0	0	0	0	0	0	0	0	0	0	0	0	1	0	1
2013	9	1110059	1	1952	1	1	2005	7	49231	1	0	1	0	0	0	0	0	0	0	0	0	0	0	0	1	0	1
2013	9	1110059	1	1945	1	1	2005	7	49231	1	0	1	0	0	0	0	0	0	0	0	0	0	0	0	1	0	1
2013	9	1110059	1	1945	1	1	2003	9	49231	1	0	1	0	0	0	0	0	0	0	0	0	0	0	0	1	0	1
2013	9	1110059	1	1952	1	1	2005	9	49231	1	0	1	0	0	0	0	0	0	0	0	0	0	0	0	1	0	1
2013	9	1110059	1	1966	1	1	2003	9	49231	1	0	1	0	0	0	0	0	0	0	0	0	0	0	0	1	0	1
2013	9	1110059	1	1973	1	1	2010	5	49312	1	0	1	0	0	0	0	0	0	0	0	0	0	0	0	1	0	1
2013	9	1110059	1	1950	1	1	1999	3	49312	1	0	1	0	0	0	0	0	0	0	0	0	0	0	0	1	0	1
2013	9	1110059	1	1952	1	1	2003	5	49312	1	0	1	0	0	0	0	0	0	0	0	0	0	0	0	1	0	1
2013	9	1110059	1	1956	1	1	2005	7	49231	1	0	1	0	0	0	0	0	0	0	0	0	0	0	0	1	0	1
2013	9	1110059	1	1963	1	1	2004	5	49231	1	0	1	0	0	0	0	0	0	0	0	0	0	0	0	1	0	1
2013	9	1110059	1	1957	1	1	2004	6	49231	1	0	1	0	0	0	0	0	0	0	0	0	0	0	0	1	0	1
2013	9	1110059	1	1942	1	1	2003	9	49231	1	0	1	0	0	0	0	0	0	0	0	0	0	0	0	1	0	1
2013	9	1110059	1	1970	1	1	2006	11	49312	1	0	1	0	0	0	0	0	0	0	0	0	0	0	0	1	0	1
2013	9	1110059	1	1946	1	1	2003	9	49231	1	0	1	0	0	0	0	0	0	0	0	0	0	0	0	1	0	1
2013	9	1110059	1	1949	1	1	2005	3	49231	1	0	1	0	0	0	0	0	0	0	0	0	0	0	0	1	0	1
2013	9	1110059	1	1938	1	1	2005	7	49231	1	0	1	0	0	0	0	0	0	0	0	0	0	0	0	1	0	1
2013	9	1110059	1	1972	1	1	2007	9	49231	1	0	1	0	0	0	0	0	0	0	0	0	0	0	0	1	0	1
2013	9	1110059	1	1964	1	1	2003	9	49231	1	0	1	0	0	0	0	0	0	0	0	0	0	0	0	1	0	1
2013	9	1110059	1	1970	1	1	2005	1	49231	1	0	1	0	0	0	0	0	0	0	0	0	0	0	0	1	0	1
2013	9	1110059	1	1950	1	1	2003	9	49231	1	0	1	0	0	0	0	0	0	0	0	0	0	0	0	1	0	1
2013	9	1110059	1	1953	1	1	2005	7	49231	1	0	1	0	0	0	0	0	0	0	0	0	0	0	0	1	0	1
2013	9	1110059	1	1961	1	1	2005	6	49231	1	0	1	0	0	0	0	0	0	0	0	0	0	0	0	1	0	1
2013	9	1110059	1	1952	1	1	2004	9	49231	1	0	1	0	0	0	0	0	0	0	0	0	0	0	0	1	0	1
2013	9	1110059	1	1954	1	1	2003	9	49231	1	0	1	0	0	0	0	0	0	0	0	0	0	0	0	1	0	1
2013	9	1110059	1	1947	1	1	2003	9	49231	1	0	1	0	0	0	0	0	0	0	0	0	0	0	0	1	0	1
2013	9	1110059	1	1952	1	1	2003	9	49231	1	0	1	0	0	0	0	0	0	0	0	0	0	0	0	1	0	1
2013	9	1110059	1	1957	1	1	2003	9	49231	1	0	1	0	0	0	0	0	0	0	0	0	0	0	0	1	0	1
2013	9	1110059	1	1959	1	1	2003	9	49231	1	0	1	0	0	0	0	0	0	0	0	0	0	0	0	1	0	1
2013	9	1110059	1	1945	1	1	2007	3	49231	1	0	1	0	0	0	0	0	0	0	0	0	0	0	0	1	0	1
2013	9	1110059	1	1954	1	1	2012	11	49231	1	0	1	0	0	0	0	0	0	0	0	0	0	0	0	1	0	1
2013	9	1110059	1	1964	1	1	1993	3	49312	1	0	1	0	0	0	0	0	0	0	0	0	0	0	0	1	0	1
2013	9	1110059	1	1949	1	1	2011	1	49231	1	0	1	0	0	0	0	0	0	0	0	0	0	0	0	1	0	1
2013	9	1110059	1	1948	1	1	2003	9	49231	1	0	1	0	0	0	0	0	0	0	0	0	0	0	0	1	0	1
2013	9	1110059	1	1951	1	1	1985	6	49231	1	0	1	0	0	0	0	0	0	0	0	0	0	0	0	1	0	1
2013	9	1110059	1	1950	1	1	2005	7	49231	1	0	1	0	0	0	0	0	0	0	0	0	0	0	0	1	0	1
2013	9	1110059	1	1969	1	1	2008	1	49231	1	0	1	0	0	0	0	0	0	0	0	0	0	0	0	1	0	1
2013	9	1110059	1	1958	1	1	2006	6	49231	1	0	1	0	0	0	0	0	0	0	0	0	0	0	0	1	0	1
2013	9	1110059	1	1955	1	1	2012	2	49231	1	0	1	0	0	0	0	0	0	0	0	0	0	0	0	1	0	1
2013	9	1110059	1	1943	1	1	2003	9	49231	1	0	1	0	0	0	0	0	0	0	0	0	0	0	0	1	0	1
2013	9	1110059	1	1971	1	1	2012	2	49231	1	0	1	0	0	0	0	0	0	0	0	0	0	0	0	1	0	1
2013	9	1110059	1	1958	1	1	2006	3	49231	1	0	1	0	0	0	0	0	0	0	0	0	0	0	0	1	0	1
2013	9	1110059	1	1954	1	1	2012	11	49231	1	0	1	0	0	0	0	0	0	0	0	0	0	0	0	1	0	1
2013	9	1110059	1	1951	1	1	2010	9	49231	1	0	1	0	0	0	0	0	0	0	0	0	0	0	0	1	0	1
2013	9	1110059	1	1940	1	1	2005	7	49231	1	0	1	0	0	0	0	0	0	0	0	0	0	0	0	1	0	1
2013	9	1110059	1	1952	1	1	2005	7	49231	1	0	1	0	0	0	0	0	0	0	0	0	0	0	0	1	0	1
2013	9	1110059	1	1952	1	1	2003	1	49312	1	0	1	0	0	0	0	0	0	0	0	0	0	0	0	1	0	1
2013	9	1110059	1	1952	1	1	2003	12	49312	1	0	1	0	0	0	0	0	0	0	0	0	0	0	0	1	0	1
2013	9	1110059	1	1951	1	1	2007	4	49312	1	0	1	0	0	0	0	0	0	0	0	0	0	0	0	1	0	1
2013	9	1110059	1	1944	1	1	1999	12	49312	1	0	1	0	0	0	0	0	0	0	0	0	0	0	0	1	0	1
2013	9	1110059	1	1967	1	1	2000	12	49312	1	0	1	0	0	0	0	0	0	0	0	0	0	0	0	1	0	1
2013	9	1110059	1	1948	1	1	2001	2	49312	1	0	1	0	0	0	0	0	0	0	0	0	0	0	0	1	0	1
2013	9	1110059	1	1948	1	1	2011	10	49231	1	0	1	0	0	0	0	0	0	0	0	0	0	0	0	1	0	1
2013	9	1110059	1	1967	1	1	2011	9	49231	1	0	1	0	0	0	0	0	0	0	0	0	0	0	0	1	0	1
2013	9	1110059	1	1957	1	1	2011	4	49231	1	0	1	0	0	0	0	0	0	0	0	0	0	0	0	1	0	1
2013	9	1110059	1	1953	1	1	2009	3	49231	1	0	1	0	0	0	0	0	0	0	0	0	0	0	0	1	0	1
2013	9	1110059	1	1973	1	1	2011	4	49231	1	0	1	0	0	0	0	0	0	0	0	0	0	0	0	1	0	1
2013	9	1110059	1	1958	1	1	1998	7	49312	1	0	1	0	0	0	0	0	0	0	0	0	0	0	0	1	0	1
2013	9	1110059	1	1962	1	1	2001	6	49312	1	0	1	0	0	0	0	0	0	0	0	0	0	0	0	1	0	1
2013	9	1110059	1	1952	1	1	2007	5	49312	1	0	1	0	0	0	0	0	0	0	0	0	0	0	0	1	0	1
2013	9	1110059	1	1958	1	1	2003	9	49312	1	0	1	0	0	0	0	0	0	0	0	0	0	0	0	1	0	1
2013	9	1110059	1	1955	1	1	2007	1	49312	1	0	1	0	0	0	0	0	0	0	0	0	0	0	0	1	0	1
2013	9	1110059	1	1955	1	1	2001	9	49312	1	0	1	0	0	0	0	0	0	0	0	0	0	0	0	1	0	1
2013	9	1110059	1	1963	1	1	1999	7	49312	1	0	1	0	0	0	0	0	0	0	0	0	0	0	0	1	0	1
2013	9	1110059	1	1964	1	1	2004	6	49312	1	0	1	0	0	0	0	0	0	0	0	0	0	0	0	1	0	1
2013	9	1110059	1	1979	1	1	2010	8	49231	1	0	1	0	0	0	0	0	0	0	0	0	0	0	0	1	0	1
2013	9	1110059	1	1951	1	1	2009	12	49231	1	0	1	0	0	0	0	0	0	0	0	0	0	0	0	1	0	1
2013	9	1110059	1	1956	1	1	2008	1	49312	1	0	1	0	0	0	0	0	0	0	0	0	0	0	0	1	0	1
2013	9	1110059	1	1979	1	1	2003	9	49231	1	0	1	0	0	0	0	0	0	0	0	0	0	0	0	1	0	1
2013	9	1110059	1	1944	1	1	1998	3	49231	1	0	1	0	0	0	0	0	0	0	0	0	0	0	0	1	0	1
2013	9	1110059	1	1951	1	1	2010	4	49231	1	0	1	0	0	0	0	0	0	0	0	0	0	0	0	1	0	1
2013	9	1110059	1	1955	1	1	2003	9	49231	1	0	1	0	0	0	0	0	0	0	0	0	0	0	0	1	0	1
2013	9	1110059	1	1944	1	1	2005	7	49231	1	0	1	0	0	0	0	0	0	0	0	0	0	0	0	1	0	1
2013	9	1110059	1	1947	1	1	2005	7	49231	1	0	1	0	0	0	0	0	0	0	0	0	0	0	0	1	0	1
2013	9	1110059	1	1955	1	1	2003	9	49231	1	0	1	0	0	0	0	0	0	0	0	0	0	0	0	1	0	1
2013	9	1110059	1	1953	1	1	2005	9	49231	1	0	1	0	0	0	0	0	0	0	0	0	0	0	0	1	0	1
2013	9	1110059	1	1951	1	1	2003	9	49231	1	0	1	0	0	0	0	0	0	0	0	0	0	0	0	1	0	1
2013	9	1110059	1	1942	1	1	2003	9	49231	1	0	1	0	0	0	0	0	0	0	0	0	0	0	0	1	0	1
2013	9	1110059	1	1946	1	1	1999	5	49312	1	0	1	0	0	0	0	0	0	0	0	0	0	0	0	1	0	1
2013	9	1110059	1	1957	1	1	2006	9	49231	1	0	1	0	0	0	0	0	0	0	0	0	0	0	0	1	0	1
2013	9	1110059	1	1949	1	1	2009	6	49231	1	0	1	0	0	0	0	0	0	0	0	0	0	0	0	1	0	1
2013	9	1110059	1	1939	1	1	2003	9	49231	1	0	1	0	0	0	0	0	0	0	0	0	0	0	0	1	0	1
2013	9	1110059	1	1964	1	1	2005	12	49231	1	0	1	0	0	0	0	0	0	0	0	0	0	0	0	1	0	1
2013	9	1110059	1	1971	1	1	2009	7	49231	1	0	1	0	0	0	0	0	0	0	0	0	0	0	0	1	0	1
2013	9	1110059	1	1958	1	1	2006	6	49231	1	0	1	0	0	0	0	0	0	0	0	0	0	0	0	1	0	1
2013	9	1110059	1	1955	1	1	2013	1	49231	1	0	1	0	0	0	0	0	0	0	0	0	0	0	0	1	0	1
2013	9	1110059	1	1954	1	1	2005	7	49231	1	0	1	0	0	0	0	0	0	0	0	0	0	0	0	1	0	1
2013	9	1110059	1	1944	1	1	1989	3	49312	1	0	1	0	0	0	0	0	0	0	0	0	0	0	0	1	0	1
2013	9	1110059	1	1955	1	1	2004	9	49312	1	0	1	0	0	0	0	0	0	0	0	0	0	0	0	1	0	1
2013	9	1110059	1	1956	1	1	2000	4	49312	1	0	1	0	0	0	0	0	0	0	0	0	0	0	0	1	0	1
2013	9	1110059	1	1974	1	1	2004	6	49312	1	0	1	0	0	0	0	0	0	0	0	0	0	0	0	1	0	1
2013	9	1110059	1	1979	1	1	2012	5	49231	1	0	1	0	0	0	0	0	0	0	0	0	0	0	0	1	0	1
2013	9	1110059	1	1956	1	1	2003	9	49231	1	0	1	0	0	0	0	0	0	0	0	0	0	0	0	1	0	1
2013	9	1110059	1	1979	1	1	1992	11	49231	1	0	1	0	0	0	0	0	0	0	0	0	0	0	0	1	0	1
2013	9	1110059	1	1952	1	1	2008	11	49231	1	0	1	0	0	0	0	0	0	0	0	0	0	0	0	1	0	1
2013	9	1110059	1	1950	1	1	2005	7	49231	1	0	1	0	0	0	0	0	0	0	0	0	0	0	0	1	0	1
2013	9	1110059	1	1952	1	1	2005	7	49231	1	0	1	0	0	0	0	0	0	0	0	0	0	0	0	1	0	1
2013	9	1110059	1	1952	1	1	2004	7	49231	1	0	1	0	0	0	0	0	0	0	0	0	0	0	0	1	0	1
2013	9	1110059	1	1979	1	1	1984	7	49231	1	0	1	0	0	0	0	0	0	0	0	0	0	0	0	1	0	1
2013	9	1110059	1	1955	1	1	2003	9	49231	1	0	1	0	0	0	0	0	0	0	0	0	0	0	0	1	0	1
2013	9	1110059	1	1955	1	1	2003	9	49231	1	0	1	0	0	0	0	0	0	0	0	0	0	0	0	1	0	1
2013	9	1110059	1	1957	1	1	2006	6	49231	1	0	1	0	0	0	0	0	0	0	0	0	0	0	0	1	0	1
2013	9	1110059	1	1953	1	1	2007	2	49231	1	0	1	0	0	0	0	0	0	0	0	0	0	0	0	1	0	1
2013	9	1110059	1	1952	1	1	2003	9	49231	1	0	1	0	0	0	0	0	0	0	0	0	0	0	0	1	0	1
2013	9	1110059	1	1944	1	1	2002	8	49231	1	0	1	0	0	0	0	0	0	0	0	0	0	0	0	1	0	1
2013	9	1110059	1	1948	1	1	1984	7	49231	1	0	1	0	0	0	0	0	0	0	0	0	0	0	0	1	0	1
2013	9	1110059	1	1939	1	1	2006	11	49231	1	0	1	0	0	0	0	0	0	0	0	0	0	0	0	1	0	1
2013	9	1110059	1	1946	1	1	2003	9	49231	1	0	1	0	0	0	0	0	0	0	0	0	0	0	0	1	0	1
2013	9	1110059	1	1953	1	1	2013	10	49231	1	0	1	0	0	0	0	0	0	0	0	0	0	0	0	1	0	1
2013	9	1110059	1	1952	1	1	2012	7	49231	1	0	1	0	0	0	0	0	0	0	0	0	0	0	0	1	0	1
2013	9	1110059	1	1943	1	1	2008	1	49231	1	0	1	0	0	0	0	0	0	0	0	0	0	0	0	1	0	1
2013	9	1110059	1	1954	1	1	2003	9	49231	1	0	1	0	0	0	0	0	0	0	0	0	0	0	0	1	0	1
2013	9	1110059	1	1961	1	1	2008	6	49231	1	0	1	0	0	0	0	0	0	0	0	0	0	0	0	1	0	1
2013	9	1110059	1	1942	1	1	2007	11	49231	1	0	1	0	0	0	0	0	0	0	0	0	0	0	0	1	0	1
2013	9	1110059	1	1952	1	1	2005	7	49231	1	0	1	0	0	0	0	0	0	0	0	0	0	0	0	1	0	1
2013	9	1110059	1	1941	1	1	2006	3	49231	1	0	1	0	0	0	0	0	0	0	0	0	0	0	0	1	0	1
2013	9	1110059	1	1945	1	1	2003	9	49231	1	0	1	0	0	0	0	0	0	0	0	0	0	0	0	1	0	1
2013	9	1110059	1	1955	1	1	2004	5	49231	1	0	1	0	0	0	0	0	0	0	0	0	0	0	0	1	0	1
2013	9	1110059	1	1953	1	1	2007	4	49231	1	0	1	0	0	0	0	0	0	0	0	0	0	0	0	1	0	1
2013	9	1110059	1	1937	1	1	1999	8	49312	1	0	1	0	0	0	0	0	0	0	0	0	0	0	0	1	0	1
2013	9	1110059	1	1962	1	1	2004	9	49312	1	0	1	0	0	0	0	0	0	0	0	0	0	0	0	1	0	1
2013	9	1110059	1	1950	1	1	2006	1	49312	1	0	1	0	0	0	0	0	0	0	0	0	0	0	0	1	0	1
2013	9	1110059	1	1948	1	1	2005	1	49312	1	0	1	0	0	0	0	0	0	0	0	0	0	0	0	1	0	1
2013	9	1110059	1	1963	1	1	2012	6	49312	1	0	1	0	0	0	0	0	0	0	0	0	0	0	0	1	0	1
2013	9	1110059	1	1951	1	1	2010	3	49231	1	0	1	0	0	0	0	0	0	0	0	0	0	0	0	1	0	1
2013	9	1110059	1	1970	1	1	2001	11	49312	1	0	1	0	0	0	0	0	0	0	0	0	0	0	0	1	0	1
2013	9	1110059	1	1947	1	1	1992	4	49312	1	0	1	0	0	0	0	0	0	0	0	0	0	0	0	1	0	1
2013	9	1110059	1	1952	1	1	2002	8	49312	1	0	1	0	0	0	0	0	0	0	0	0	0	0	0	1	0	1
2013	9	1110059	1	1953	1	1	1994	3	49312	1	0	1	0	0	0	0	0	0	0	0	0	0	0	0	1	0	1
2013	9	1110059	1	1941	1	1	1988	5	49231	1	0	1	0	0	0	0	0	0	0	0	0	0	0	0	1	0	1
2013	9	1110059	1	1960	1	1	2005	7	49231	1	0	1	0	0	0	0	0	0	0	0	0	0	0	0	1	0	1
2013	9	1110059	1	1943	1	1	2003	9	49231	1	0	1	0	0	0	0	0	0	0	0	0	0	0	0	1	0	1
2013	9	1110059	1	1958	1	1	2003	9	49231	1	0	1	0	0	0	0	0	0	0	0	0	0	0	0	1	0	1
2013	9	1110059	1	1951	1	1	2003	9	49231	1	0	1	0	0	0	0	0	0	0	0	0	0	0	0	1	0	1
2013	9	1110059	1	1957	1	1	2005	7	49231	1	0	1	0	0	0	0	0	0	0	0	0	0	0	0	1	0	1
2013	9	1110059	1	1960	1	1	2005	7	49231	1	0	1	0	0	0	0	0	0	0	0	0	0	0	0	1	0	1
2013	9	1110059	1	1953	1	1	2004	5	49231	1	0	1	0	0	0	0	0	0	0	0	0	0	0	0	1	0	1
2013	9	1110059	1	1941	1	1	2006	8	49231	1	0	1	0	0	0	0	0	0	0	0	0	0	0	0	1	0	1
2013	9	1110059	1	1954	1	1	2008	11	49231	1	0	1	0	0	0	0	0	0	0	0	0	0	0	0	1	0	1
2013	9	1110059	1	1970	1	1	2008	6	49231	1	0	1	0	0	0	0	0	0	0	0	0	0	0	0	1	0	1
2013	9	1110059	1	1953	1	1	2009	5	49231	1	0	1	0	0	0	0	0	0	0	0	0	0	0	0	1	0	1
2013	9	1110059	1	1979	1	1	2010	1	49231	1	0	1	0	0	0	0	0	0	0	0	0	0	0	0	1	0	1
2013	9	1110059	1	1959	1	1	2010	1	49231	1	0	1	0	0	0	0	0	0	0	0	0	0	0	0	1	0	1
2013	9	1110059	1	1955	1	1	2010	8	49231	1	0	1	0	0	0	0	0	0	0	0	0	0	0	0	1	0	1
2013	9	1110059	1	1953	1	1	2000	12	49312	1	0	1	0	0	0	0	0	0	0	0	0	0	0	0	1	0	1
2013	9	1110059	1	1960	1	1	2001	2	49312	1	0	1	0	0	0	0	0	0	0	0	0	0	0	0	1	0	1
2013	9	1110059	2	1957	1	1	2008	2	49312	0	1	1	0	0	0	0	0	0	0	0	0	0	0	0	0	1	1
2013	9	1110059	1	1965	1	1	1999	10	49312	1	0	1	0	0	0	0	0	0	0	0	0	0	0	0	1	0	1
2013	9	1110059	1	1951	1	1	1985	4	49312	1	0	1	0	0	0	0	0	0	0	0	0	0	0	0	1	0	1
2013	9	1110059	1	1937	1	1	1992	9	49312	1	0	1	0	0	0	0	0	0	0	0	0	0	0	0	1	0	1
2013	9	1110059	1	1936	1	1	1984	4	49312	1	0	1	0	0	0	0	0	0	0	0	0	0	0	0	1	0	1
2013	9	1110059	1	1954	1	1	1996	11	49312	1	0	1	0	0	0	0	0	0	0	0	0	0	0	0	1	0	1
2013	9	1110059	1	1942	1	1	1984	5	49312	1	0	1	0	0	0	0	0	0	0	0	0	0	0	0	1	0	1
2013	9	1110059	1	1948	1	1	2006	11	49231	1	0	1	0	0	0	0	0	0	0	0	0	0	0	0	1	0	1
2013	9	1110059	1	1954	1	1	2010	1	49312	1	0	1	0	0	0	0	0	0	0	0	0	0	0	0	1	0	1
2013	9	1110059	1	1957	1	1	1999	9	49312	1	0	1	0	0	0	0	0	0	0	0	0	0	0	0	1	0	1
2013	9	1110059	1	1979	1	1	2000	11	49312	1	0	1	0	0	0	0	0	0	0	0	0	0	0	0	1	0	1
2013	9	1110059	1	1946	1	1	2010	3	49312	1	0	1	0	0	0	0	0	0	0	0	0	0	0	0	1	0	1
2013	9	1110059	2	1962	1	1	2001	9	49312	0	1	1	0	0	0	0	0	0	0	0	0	0	0	0	0	1	1
2013	9	1110059	1	1962	1	1	2010	1	49312	1	0	1	0	0	0	0	0	0	0	0	0	0	0	0	1	0	1
2013	9	1110059	2	1963	1	1	2001	8	49312	0	1	1	0	0	0	0	0	0	0	0	0	0	0	0	0	1	1
2013	9	1110059	1	1955	1	1	2003	9	49231	1	0	1	0	0	0	0	0	0	0	0	0	0	0	0	1	0	1
2013	9	1110059	1	1953	1	1	2005	11	49231	1	0	1	0	0	0	0	0	0	0	0	0	0	0	0	1	0	1
2013	9	1110059	1	1976	1	1	2011	3	49312	1	0	1	0	0	0	0	0	0	0	0	0	0	0	0	1	0	1
2013	9	1110059	1	1962	1	1	2012	5	49312	1	0	1	0	0	0	0	0	0	0	0	0	0	0	0	1	0	1
2013	9	1110059	1	1956	1	1	2011	9	49312	1	0	1	0	0	0	0	0	0	0	0	0	0	0	0	1	0	1
2013	9	1110059	1	1944	1	1	1980	11	49312	1	0	1	0	0	0	0	0	0	0	0	0	0	0	0	1	0	1
2013	9	1110059	1	1974	1	1	1996	8	49312	1	0	1	0	0	0	0	0	0	0	0	0	0	0	0	1	0	1
2013	9	1110059	1	1952	1	1	2008	1	49231	1	0	1	0	0	0	0	0	0	0	0	0	0	0	0	1	0	1
2013	9	1110059	1	1942	1	1	2005	7	49231	1	0	1	0	0	0	0	0	0	0	0	0	0	0	0	1	0	1
2013	9	1110059	1	1951	1	1	2007	1	49231	1	0	1	0	0	0	0	0	0	0	0	0	0	0	0	1	0	1
2013	9	1110059	1	1959	1	1	1999	7	49312	1	0	1	0	0	0	0	0	0	0	0	0	0	0	0	1	0	1
2013	9	1110059	1	1961	1	1	2002	11	49312	1	0	1	0	0	0	0	0	0	0	0	0	0	0	0	1	0	1
2013	9	1110059	1	1959	1	1	2002	9	49312	1	0	1	0	0	0	0	0	0	0	0	0	0	0	0	1	0	1
2013	9	1110059	1	1946	1	1	2007	3	49231	1	0	1	0	0	0	0	0	0	0	0	0	0	0	0	1	0	1
2013	9	1110059	1	1941	1	1	2010	1	49231	1	0	1	0	0	0	0	0	0	0	0	0	0	0	0	1	0	1
2013	9	1110059	1	1947	1	1	2008	1	49231	1	0	1	0	0	0	0	0	0	0	0	0	0	0	0	1	0	1
2013	9	1110059	1	1942	1	1	1995	3	49312	1	0	1	0	0	0	0	0	0	0	0	0	0	0	0	1	0	1
2013	9	1110059	1	1949	1	1	1987	4	49312	1	0	1	0	0	0	0	0	0	0	0	0	0	0	0	1	0	1
2013	9	1110059	1	1950	1	1	2005	7	49231	1	0	1	0	0	0	0	0	0	0	0	0	0	0	0	1	0	1
2013	9	1110059	1	1944	1	1	2003	9	49231	1	0	1	0	0	0	0	0	0	0	0	0	0	0	0	1	0	1
2013	9	1110059	1	1953	1	1	2003	9	49231	1	0	1	0	0	0	0	0	0	0	0	0	0	0	0	1	0	1
2013	9	1110059	1	1952	1	1	2004	9	49231	1	0	1	0	0	0	0	0	0	0	0	0	0	0	0	1	0	1
2013	9	1110059	1	1957	1	1	2005	3	49231	1	0	1	0	0	0	0	0	0	0	0	0	0	0	0	1	0	1
2013	9	1110059	1	1948	1	1	2005	7	49231	1	0	1	0	0	0	0	0	0	0	0	0	0	0	0	1	0	1
2013	9	1110059	1	1950	1	1	2007	4	49231	1	0	1	0	0	0	0	0	0	0	0	0	0	0	0	1	0	1
2013	9	1110059	1	1959	1	1	2005	7	49231	1	0	1	0	0	0	0	0	0	0	0	0	0	0	0	1	0	1
2013	9	1110059	1	1958	1	1	2008	1	49231	1	0	1	0	0	0	0	0	0	0	0	0	0	0	0	1	0	1
2013	9	1110059	1	1979	1	1	2008	1	49231	1	0	1	0	0	0	0	0	0	0	0	0	0	0	0	1	0	1
2013	9	1110059	1	1945	1	1	2006	2	49231	1	0	1	0	0	0	0	0	0	0	0	0	0	0	0	1	0	1
2013	9	1110059	2	1960	4	1	2001	3	94912	0	0	0	0	0	0	0	1	1	0	0	0	0	0	0	0	1	1
2013	9	1110059	2	1960	1	1	2011	8	96112	0	1	1	0	0	0	3	3	6	0	1	1	0	0	0	3	5	8
2013	9	1110059	1	1953	1	1	2013	10	91293	1	0	1	0	0	0	0	0	0	0	0	0	0	0	0	1	0	1
2013	9	1110059	1	1955	2	3	1982	1	61210	0	0	0	0	0	0	71	16	87	0	0	0	0	0	0	71	16	87
2013	9	1110059	1	1982	1	1	2011	7	56111	1	0	1	0	1	1	1	2	3	0	0	0	0	0	0	2	3	5
2013	9	1110059	1	1963	2	3	2012	1	71531	0	0	0	0	0	0	3	0	3	0	1	1	0	0	0	3	1	4
2013	9	1110059	1	1983	1	1	2011	7	96122	1	0	1	0	0	0	0	0	0	0	0	0	0	0	0	1	0	1
2013	9	1110059	1	1970	1	1	2013	12	85611	1	0	1	0	0	0	1	0	1	0	0	0	0	0	0	2	0	2
2013	9	1110059	1	1964	1	1	2013	2	56111	1	0	1	1	1	2	0	0	0	0	0	0	0	0	0	2	1	3
2013	9	1110059	1		1	1	2013	5	42412	1	0	1	0	1	1	0	0	0	0	0	0	0	0	0	1	1	2
2013	9	1110059	2		1	1	2003	9	96113	0	1	1	0	0	0	0	0	0	0	0	0	0	0	0	0	1	1
2013	9	1110059	2	1984	1	1	2013	2	85620	0	1	1	0	0	0	0	0	0	0	1	1	0	0	0	0	2	2
2013	9	1110059	2		1	1	2013	2	52915	0	1	1	0	0	0	1	0	1	0	0	0	0	0	0	1	1	2
2013	9	1110059	2		1	1	2013	4	47851	0	1	1	0	0	0	0	0	0	0	0	0	0	0	0	0	1	1
2013	9	1110059	1	1978	1	1	2013	1	91229	1	0	1	0	1	1	0	1	1	0	0	0	0	0	0	1	2	3
2013	9	1110059	1		1	1	2013	8	56199	1	0	1	0	0	0	0	0	0	0	0	0	0	0	0	1	0	1
2013	9	1110059	1		1	1	2013	4	46313	1	0	1	0	0	0	0	0	0	0	0	0	0	0	0	1	0	1
2013	9	1110059	1		1	1	2013	7	68221	1	0	1	0	0	0	0	1	1	0	0	0	0	0	0	1	1	2
2013	9	1110059	2	1975	1	1	2013	1	85620	0	1	1	0	0	0	0	1	1	0	0	0	0	0	0	0	2	2
2013	9	1110059	1		2	1	2013	1	96912	0	0	0	0	0	0	1	0	1	0	0	0	0	1	1	1	1	2
2013	9	1110059	2	1975	1	1	2013	2	47430	0	1	1	0	0	0	0	0	0	0	0	0	0	0	0	0	1	1
2013	9	1110059	2		1	1	2013	10	56219	0	1	1	1	0	1	0	0	0	0	0	0	0	0	0	1	1	2
2013	9	1110059	1		1	1	2013	4	56211	1	0	1	0	0	0	0	2	2	0	0	0	0	0	0	1	2	3
2013	9	1110059	1		2	1	2013	5	42321	0	0	0	0	0	0	4	0	4	1	1	2	0	0	0	5	1	6
2013	9	1110059	1		1	1	2013	2	56111	1	0	1	0	1	1	0	0	0	0	0	0	0	0	0	1	1	2
2013	9	1110059	1		1	1	2013	9	47312	1	0	1	0	0	0	1	0	1	0	1	1	0	0	0	2	1	3
2013	9	1110059	2		1	1	2013	7	56219	0	1	1	1	0	1	0	0	0	0	0	0	0	0	0	1	1	2
2013	9	1110059	2		1	1	2013	1	42412	0	1	1	1	0	1	0	0	0	0	0	0	0	0	0	1	1	2
2013	9	1110059	2		1	1	2013	4	56111	0	1	1	1	0	1	0	0	0	0	1	1	0	0	0	1	2	3
2013	9	1110059	1		1	1	2013	5	95119	1	0	1	0	0	0	0	0	0	0	1	1	0	0	0	1	1	2
2013	9	1110059	2		1	1	2013	4	56219	0	1	1	0	0	0	0	0	0	0	1	1	0	0	0	0	2	2
2013	9	1110059	1	1965	1	1	2013	6	46613	1	0	1	0	1	1	0	0	0	0	0	0	0	0	0	1	1	2
2013	9	1110059	1	1965	2	1	2013	1	71531	0	0	0	0	0	0	1	0	1	0	0	0	0	0	0	1	0	1
2013	9	1110059	2		1	1	2013	4	96112	0	1	1	0	0	0	0	0	0	0	0	0	0	0	0	0	1	1
2013	9	1110059	1		1	1	2013	2	64919	1	0	1	0	0	0	0	0	0	0	0	0	0	0	0	1	0	1
2013	9	1110059	1		1	1	2013	6	91135	1	0	1	0	0	0	0	0	0	1	0	1	0	0	0	2	0	2
2013	9	1110059	1		1	1	2013	1	10712	1	0	1	0	0	0	0	0	0	1	0	1	0	0	0	2	0	2
2013	9	1110059	2		1	1	2013	5	47211	0	1	1	0	0	0	0	0	0	0	0	0	0	0	0	0	1	1
2013	9	1110059	2		1	1	2013	1	47722	0	1	1	0	0	0	1	0	1	0	0	0	0	0	0	1	1	2
2013	9	1110059	1		1	1	2013	10	56219	1	0	1	0	1	1	0	0	0	0	0	0	0	0	0	1	1	2
2013	9	1110059	1		1	1	2013	4	91222	1	0	1	0	0	0	0	0	0	4	3	7	0	0	0	5	3	8
2013	9	1110059	1		1	1	2013	7	96112	1	0	1	0	1	1	0	0	0	0	0	0	0	0	0	1	1	2
2013	9	1110059	1		1	1	2013	2	91221	1	0	1	0	0	0	2	0	2	0	0	0	0	0	0	3	0	3
2013	9	1110059	1		1	1	2013	7	47813	1	0	1	0	0	0	0	0	0	1	0	1	0	0	0	2	0	2
2013	9	1110059	2		1	1	2013	3	91221	0	1	1	0	0	0	1	0	1	0	0	0	0	0	0	1	1	2
2013	9	1110059	1		1	1	2013	4	10711	1	0	1	0	0	0	0	1	1	0	0	0	0	0	0	1	1	2
2013	9	1110059	1		1	1	2013	1	56112	1	0	1	0	1	1	0	1	1	0	0	0	0	0	0	1	2	3
2013	9	1110059	2		1	1	2013	1	96113	0	1	1	0	0	0	0	2	2	0	0	0	0	0	0	0	3	3
2013	9	1110059	1		1	1	2013	5	91222	1	0	1	0	1	1	0	1	1	0	0	0	0	0	0	1	2	3
2013	9	1110059	1		1	1	2013	2	56219	1	0	1	0	0	0	0	0	0	0	1	1	0	0	0	1	1	2
2013	9	1110059	2		1	1	2013	1	56194	0	1	1	0	0	0	0	0	0	0	1	1	0	0	0	0	2	2
2013	9	1110059	2		1	1	2013	5	56191	0	1	1	1	0	1	0	0	0	0	1	1	0	0	0	1	2	3
2013	9	1110059	1		1	1	2013	10	91222	1	0	1	0	0	0	0	0	0	1	0	1	0	0	0	2	0	2
2013	9	1110059	2		1	1	2013	4	47415	0	1	1	0	0	0	0	0	0	0	0	0	0	0	0	0	1	1
2013	9	1110059	2		1	1	2013	1	47129	0	1	1	0	1	1	0	0	0	0	0	0	0	0	0	0	2	2
2013	9	1110059	1		2	1	2013	3	46592	0	0	0	0	0	0	1	1	2	0	0	0	0	0	0	1	1	2
2013	9	1110059	2		1	1	2013	7	56219	0	1	1	0	0	0	0	0	0	0	0	0	0	0	0	0	1	1
2013	9	1110059	2		1	1	2013	3	56111	0	1	1	0	0	0	0	0	0	0	1	1	0	0	0	0	2	2
2013	9	1110059	1		1	1	2013	3	56111	1	0	1	0	0	0	2	0	2	0	0	0	0	0	0	3	0	3
2013	9	1110059	1		1	1	2013	5	47852	1	0	1	0	0	0	0	0	0	0	0	0	0	0	0	1	0	1
2013	9	1110059	2		1	1	2013	11	47416	0	1	1	0	1	1	0	0	0	0	0	0	0	0	0	0	2	2
2013	9	1110059	2		1	1	2013	7	96119	0	1	1	0	0	0	0	0	0	0	1	1	0	0	0	0	2	2
2013	9	1110059	2		1	1	2013	4	47416	0	1	1	0	0	0	0	0	0	0	2	2	0	0	0	0	3	3
2013	9	1110059	1		1	1	2013	3	47413	1	0	1	0	0	0	0	0	0	0	1	1	0	0	0	1	1	2
2013	9	1110059	2		1	1	2013	3	68221	0	1	1	0	0	0	1	0	1	0	0	0	0	0	0	1	1	2
2013	9	1110059	2	1986	1	1	2013	4	75110	0	1	1	0	0	0	1	0	1	0	0	0	0	0	0	1	1	2
2013	9	1110059	1		1	1	2013	10	96112	1	0	1	0	1	1	0	0	0	0	0	0	0	0	0	1	1	2
2013	9	1110059	1		1	1	2013	2	56193	1	0	1	0	1	1	0	0	0	0	0	0	0	0	0	1	1	2
2013	9	1110059	2		1	1	2007	3	87210	0	1	1	0	0	0	0	5	5	0	0	0	0	0	0	0	6	6
2013	9	1110059	2		2	1	2010	10	75999	0	0	0	0	0	0	4	1	5	0	1	1	0	0	0	4	2	6
2013	9	1110059	1		2	3	2013	3	46417	0	0	0	0	0	0	3	1	4	1	0	1	0	0	0	4	1	5
2013	9	1110059	1		2	3	2013	11	64121	0	0	0	0	0	0	6	1	7	0	0	0	0	0	0	6	1	7
2013	9	1110059	2		1	1	2013	1	56111	0	1	1	0	0	0	2	0	2	0	7	7	0	0	0	2	8	10
2013	9	1110059	2		1	1	2013	1	46691	0	1	1	0	0	0	0	0	0	0	1	1	0	0	0	0	2	2
2013	9	1110059	1		1	1	2013	5	56193	1	0	1	0	0	0	0	1	1	0	0	0	0	0	0	1	1	2
2013	9	1110059	1	1955	1	1	2003	9	49231	1	0	1	0	0	0	0	0	0	0	0	0	0	0	0	1	0	1
2013	9	1110059	1	1964	1	1	2005	9	49231	1	0	1	0	0	0	0	0	0	0	0	0	0	0	0	1	0	1
2013	9	1110059	1	1970	1	1	2013	12	49231	1	0	1	0	0	0	0	0	0	0	0	0	0	0	0	1	0	1
2013	9	1110059	1	1968	1	1	2003	9	49231	1	0	1	0	0	0	0	0	0	0	0	0	0	0	0	1	0	1
2013	9	1110059	1	1966	1	1	2013	11	49231	1	0	1	0	0	0	0	0	0	0	0	0	0	0	0	1	0	1
2013	9	1110059	1	1969	1	1	2013	5	49312	1	0	1	0	0	0	0	0	0	0	0	0	0	0	0	1	0	1
2013	9	1110059	1	1969	1	1	2013	5	49312	1	0	1	0	0	0	0	0	0	0	0	0	0	0	0	1	0	1
2013	9	1110059	2		1	1	2013	4	68221	0	1	1	0	0	0	0	1	1	0	0	0	0	0	0	0	2	2
2013	9	1110059	1		1	1	2013	1	90121	1	0	1	0	0	0	0	0	0	0	1	1	0	0	0	1	1	2
2013	9	1110059	1		2	1	2013	8	42209	0	0	0	0	0	0	3	1	4	0	0	0	0	0	0	3	1	4
2013	9	1110059	1		2	1	2013	6	46799	0	0	0	0	0	0	3	2	5	0	0	0	0	0	0	3	2	5
2013	9	1110059	2		2	1	2013	3	74212	0	0	0	0	0	0	0	1	1	0	1	1	0	0	0	0	2	2
2013	9	1110059	2		1	1	2013	4	85501	0	1	1	0	0	0	0	2	2	0	0	0	0	0	0	0	3	3
2013	9	1110059	1		1	1	2013	1	46522	1	0	1	0	0	0	1	0	1	0	0	0	0	0	0	2	0	2
2013	9	1110059	1		1	1	2013	11	15129	1	0	1	0	0	0	0	0	0	2	2	4	0	0	0	3	2	5
2013	9	1110059	2		1	1	2013	3	47416	0	1	1	0	0	0	0	0	0	0	1	1	0	0	0	0	2	2
2013	9	1110059	1	1958	1	1	2013	5	49312	1	0	1	0	0	0	0	0	0	0	0	0	0	0	0	1	0	1
2013	9	1110059	1	1958	1	1	2013	6	49312	1	0	1	0	0	0	0	0	0	0	0	0	0	0	0	1	0	1
2013	9	1110059	1	1958	1	1	2013	6	49312	1	0	1	0	0	0	0	0	0	0	0	0	0	0	0	1	0	1
2013	9	1110059	1	1958	1	1	2013	6	49312	1	0	1	0	0	0	0	0	0	0	0	0	0	0	0	1	0	1
2013	9	1110059	1	1959	1	1	2013	7	49312	1	0	1	0	0	0	0	0	0	0	0	0	0	0	0	1	0	1
2013	9	1110059	1	1958	1	1	2013	7	49312	1	0	1	0	0	0	0	0	0	0	0	0	0	0	0	1	0	1
2013	9	1110059	1	1964	1	1	2013	7	49312	1	0	1	0	0	0	0	0	0	0	0	0	0	0	0	1	0	1
2013	9	1110059	1	1969	1	1	2013	7	49312	1	0	1	0	0	0	0	0	0	0	0	0	0	0	0	1	0	1
2013	9	1110059	1	1958	1	1	2013	9	49312	1	0	1	0	0	0	0	0	0	0	0	0	0	0	0	1	0	1
2013	9	1110059	2	1969	1	1	2013	1	49312	0	1	1	0	0	0	0	0	0	0	0	0	0	0	0	0	1	1
2013	9	1110059	2		1	1	2013	9	47813	0	1	1	0	0	0	0	0	0	0	0	0	0	0	0	0	1	1
2013	9	1110059	2		1	1	2012	11	66199	0	1	1	0	0	0	0	0	0	0	0	0	0	0	0	0	1	1
2013	9	1110059	2	1965	1	1	2013	2	68221	0	1	1	0	0	0	0	1	1	0	0	0	0	0	0	0	2	2
2013	9	1110059	2		1	1	2013	5	56111	0	1	1	0	0	0	0	0	0	0	3	3	0	0	0	0	4	4
2013	9	1110059	2		1	1	1999	9	95391	0	1	1	0	0	0	0	0	0	0	0	0	0	0	0	0	1	1
2013	9	1110059	2		1	1	2013	4	47414	0	1	1	0	0	0	0	0	0	0	0	0	0	0	0	0	1	1
2013	9	1110059	2		1	1	2013	3	47213	0	1	1	0	0	0	0	0	0	0	0	0	0	0	0	0	1	1
2013	9	1110059	1		1	1	2013	4	47419	1	0	1	0	0	0	0	0	0	0	0	0	0	0	0	1	0	1
2013	9	1110059	1		1	1	2013	3	96111	1	0	1	0	0	0	0	0	0	0	0	0	0	0	0	1	0	1
2013	9	1110059	1		1	1	2013	6	56219	1	0	1	0	0	0	3	0	3	0	0	0	0	0	0	4	0	4
2013	9	1110059	1		1	1	2013	8	56112	1	0	1	0	1	1	0	0	0	0	0	0	0	0	0	1	1	2
2013	9	1110059	2		1	1	2013	6	96113	0	1	1	0	0	0	0	0	0	0	0	0	0	0	0	0	1	1
2013	9	1110059	2		3	1	2013	11	56220	0	0	0	0	0	0	0	1	1	0	1	1	0	0	0	0	2	2
2013	9	1110059	1	1968	1	1	2013	3	49312	1	0	1	0	0	0	0	0	0	0	0	0	0	0	0	1	0	1
2013	9	1110059	1	1958	1	1	2013	3	49312	1	0	1	0	0	0	0	0	0	0	0	0	0	0	0	1	0	1
2013	9	1110059	1	1969	1	1	2013	1	49312	1	0	1	0	0	0	0	0	0	0	0	0	0	0	0	1	0	1
2013	9	1110059	1	1957	1	1	2013	5	49312	1	0	1	0	0	0	0	0	0	0	0	0	0	0	0	1	0	1
2013	9	1110059	1	1963	1	1	2013	5	49312	1	0	1	0	0	0	0	0	0	0	0	0	0	0	0	1	0	1
2013	9	1110059	1	1968	1	1	2013	9	49312	1	0	1	0	0	0	0	0	0	0	0	0	0	0	0	1	0	1
2013	9	1110059	1	1958	1	1	2013	4	49231	1	0	1	0	0	0	0	0	0	0	0	0	0	0	0	1	0	1
2013	9	1110059	1	1963	1	1	2013	8	49312	1	0	1	0	0	0	0	0	0	0	0	0	0	0	0	1	0	1
2013	9	1110059	1	1963	1	1	2013	2	49312	1	0	1	0	0	0	0	0	0	0	0	0	0	0	0	1	0	1
2013	9	1110059	1	1963	1	1	2006	6	49312	1	0	1	0	0	0	0	0	0	0	0	0	0	0	0	1	0	1
2013	9	1110059	1	1963	1	1	2011	7	49312	1	0	1	0	0	0	0	0	0	0	0	0	0	0	0	1	0	1
2013	9	1110059	1	1979	1	1	2003	9	49231	1	0	1	0	0	0	0	0	0	0	0	0	0	0	0	1	0	1
2013	9	1110059	1	1956	1	1	2005	5	49312	1	0	1	0	0	0	0	0	0	0	0	0	0	0	0	1	0	1
2013	9	1110059	1	1957	1	1	2013	10	49312	1	0	1	0	0	0	0	0	0	0	0	0	0	0	0	1	0	1
2013	9	1110059	1	1975	1	1	2013	11	49312	1	0	1	0	0	0	0	0	0	0	0	0	0	0	0	1	0	1
2013	9	1110059	1	1979	1	1	2012	10	49312	1	0	1	0	0	0	0	0	0	0	0	0	0	0	0	1	0	1
2013	9	1110059	1	1969	1	1	2013	4	49312	1	0	1	0	0	0	0	0	0	0	0	0	0	0	0	1	0	1
2013	9	1110059	1	1979	1	1	2003	9	49231	1	0	1	0	0	0	0	0	0	0	0	0	0	0	0	1	0	1
2013	9	1110059	1	1938	1	1	2004	4	68112	1	0	1	0	0	0	0	0	0	0	1	1	0	0	0	1	1	2
2013	9	1110059	1	1972	1	1	2010	9	86902	1	0	1	0	1	1	0	0	0	0	0	0	0	0	0	1	1	2
2013	9	1110059	1	1964	1	1	2011	4	75999	1	0	1	0	0	0	0	0	0	1	0	1	0	0	0	2	0	2
2013	9	1110059	1	1962	1	1	2007	3	85611	1	0	1	0	0	0	1	0	1	0	0	0	0	0	0	2	0	2
2013	9	1110059	1	1949	1	1	1995	9	91223	1	0	1	0	1	1	0	0	0	0	0	0	0	0	0	1	1	2
2013	9	1110059	1	1955	1	1	2005	6	56113	1	0	1	0	1	1	0	3	3	0	0	0	0	0	0	1	4	5
2013	9	1110059	1	1961	2	3	1972	8	64121	0	0	0	0	0	0	4	5	9	0	0	0	0	0	0	4	5	9
2013	9	1110059	2	1962	2	1	2011	11	66202	0	0	0	0	0	0	0	1	1	0	1	1	0	0	0	0	2	2
2013	9	1110059	1	1957	2	1	1985	5	41111	0	0	0	0	0	0	10	3	13	0	0	0	0	0	0	10	3	13
2013	9	1110059	1	1967	2	1	1999	8	41111	0	0	0	0	0	0	4	1	5	0	0	0	0	0	0	4	1	5
2013	9	1110059	1	1962	2	3	2004	10	75991	0	0	0	0	0	0	7	8	15	0	0	0	0	0	0	7	8	15
2013	9	1110059	2	1970	1	1	2006	1	85502	0	1	1	0	0	0	0	6	6	0	0	0	0	0	0	0	7	7
2013	9	1110059	2	1974	1	1	2011	4	85620	0	1	1	0	0	0	0	0	0	0	0	0	0	0	0	0	1	1
2013	9	1110059	1	1971	1	1	2010	2	85611	1	0	1	0	0	0	2	0	2	0	0	0	0	0	0	3	0	3
2013	9	1110059	1	1953	2	1	1994	2	91136	0	0	0	0	0	0	1	1	2	0	0	0	0	0	0	1	1	2
2013	9	1110059	2	1952	1	1	2004	5	56111	0	1	1	0	0	0	0	2	2	0	1	1	0	0	0	0	4	4
2013	9	1110059	1	1965	1	1	2002	12	46332	1	0	1	0	0	0	2	0	2	0	0	0	0	0	0	3	0	3
2013	9	1110059	1	1957	5	1	2012	4	84405	0	0	0	0	0	0	27	4	31	0	0	0	0	0	0	27	4	31
2013	9	1110059	1	1966	4	1	2008	8	94912	0	0	0	0	0	0	2	2	4	0	0	0	0	0	0	2	2	4
2013	9	1110059	1	1942	3	3	2001	10	90211	0	0	0	0	0	0	9	10	19	1	3	4	0	0	0	10	13	23
2013	9	1110059	2	1970	1	1	2007	9	47129	0	1	1	1	0	1	0	0	0	0	1	1	0	0	0	1	2	3
2013	9	1110059	1	1940	4	1	1992	9	68211	0	0	0	0	0	0	10	3	13	0	0	0	0	0	0	10	3	13
2013	9	1110059	1	1943	4	1	1991	6	94912	0	0	0	0	0	0	2	1	3	0	0	0	0	0	0	2	1	3
2013	9	1110059	1	1970	4	1	2000	11	87299	0	0	0	0	0	0	1	6	7	0	0	0	1	0	1	2	6	8
2013	9	1110059	1	1970	4	1	1999	5	87299	0	0	0	0	0	0	11	20	31	0	0	0	0	0	0	11	20	31
2013	9	1110059	1	1976	1	1	2010	3	95121	1	0	1	0	0	0	0	0	0	0	0	0	0	0	0	1	0	1
2013	9	1110059	2	1962	1	1	2003	7	14411	0	1	1	0	0	0	0	0	0	0	3	3	0	0	0	0	4	4
2013	9	1110059	2	1961	1	1	2010	8	14411	0	1	1	0	0	0	0	0	0	0	1	1	0	0	0	0	2	2
2013	9	1110059	1	1955	1	1	2013	3	47413	1	0	1	0	0	0	0	0	0	0	1	1	0	0	0	1	1	2
2013	9	1110059	1	1970	1	1	2008	3	42322	1	0	1	0	0	0	0	0	0	0	0	0	0	0	0	1	0	1
2013	9	1110059	1	1952	5	1	1990	7	85120	0	0	0	0	0	0	13	66	79	0	2	2	0	0	0	13	68	81
2013	9	1110059	1	1945	4	1	1991	11	68211	0	0	0	0	0	0	35	2	37	0	0	0	0	0	0	35	2	37
2013	9	1110059	2	1963	1	1	2010	6	68221	0	1	1	1	0	1	0	0	0	0	0	0	0	0	0	1	1	2
2013	9	1110059	1	1970	1	1	1999	3	47122	1	0	1	0	1	1	0	0	0	2	2	4	0	0	0	3	3	6
2013	9	1110059	1	1948	1	1	2007	3	42412	1	0	1	0	1	1	0	0	0	0	0	0	0	0	0	1	1	2
2013	9	1110059	1	1959	4	1	1999	5	94912	0	0	0	0	0	0	1	0	1	0	0	0	0	1	1	1	1	2
2013	9	1110059	1	1965	1	1	2007	7	68221	1	0	1	0	0	0	0	1	1	0	0	0	0	0	0	1	1	2
2013	9	1110059	1	1956	1	1	1996	8	56111	1	0	1	0	1	1	0	0	0	0	0	0	0	0	0	1	1	2
2013	9	1110059	2	1951	1	1	2003	9	69292	0	1	1	0	0	0	0	1	1	0	0	0	0	0	0	0	2	2
2013	9	1110059	1	1978	1	1	2009	3	75110	1	0	1	0	0	0	0	0	0	0	1	1	0	0	0	1	1	2
2013	9	1110059	1	1978	1	1	2010	2	87111	1	0	1	0	0	0	0	1	1	0	0	0	0	0	0	1	1	2
2013	9	1110059	1	1966	2	1	2006	7	46742	0	0	0	0	0	0	2	1	3	0	0	0	0	0	0	2	1	3
2013	9	1110059	1	1978	1	1	2009	7	47513	1	0	1	0	0	0	1	0	1	0	0	0	0	0	0	2	0	2
2013	9	1110059	2	1982	4	1	2009	5	87299	0	0	0	0	0	0	2	2	4	0	0	0	0	0	0	2	2	4
2013	9	1110059	2	1965	1	1	2005	8	47851	0	1	1	0	1	1	0	0	0	0	2	2	0	0	0	0	4	4
2013	9	1110059	1	1932	1	1	2012	1	56111	1	0	1	0	1	1	0	0	0	0	1	1	0	0	0	1	2	3
2013	9	1110059	1	1959	1	1	2007	1	74211	1	0	1	0	1	1	0	0	0	0	0	0	0	0	0	1	1	2
2013	9	1110059	1	1956	4	1	2001	5	94912	0	0	0	0	0	0	2	0	2	1	0	1	0	0	0	3	0	3
2013	9	1110059	1	1973	1	1	2006	6	96112	1	0	1	0	0	0	0	2	2	0	0	0	0	0	0	1	2	3
2013	9	1110059	2	1952	1	1	2006	10	47811	0	1	1	0	0	0	0	1	1	0	0	0	0	0	0	0	2	2
2013	9	1110059	2	1965	1	1	2003	3	96912	0	1	1	0	0	0	0	0	0	1	0	1	0	0	0	1	1	2
2013	9	1110059	1	1946	1	1	2001	9	68221	1	0	1	0	0	0	0	1	1	0	0	0	0	0	0	1	1	2
2013	9	1110059	2	1969	1	1	2003	8	96992	0	1	1	0	0	0	0	0	0	0	0	0	0	0	0	0	1	1
2013	9	1110059	2	1976	1	1	1999	4	87210	0	1	1	0	0	0	0	8	8	0	0	0	0	0	0	0	9	9
2013	9	1110059	2	1969	1	1	2007	10	87210	0	1	1	0	0	0	0	2	2	0	0	0	0	0	0	0	3	3
2013	9	1110059	2	1973	1	1	2002	1	96112	0	1	1	0	0	0	0	0	0	0	0	0	0	0	0	0	1	1
2013	9	1110059	2	1971	1	1	2001	8	85501	0	1	1	0	0	0	0	0	0	0	1	1	0	0	0	0	2	2
2013	9	1110059	2	1963	1	1	2007	1	56111	0	1	1	0	1	1	0	0	0	0	0	0	0	0	0	0	2	2
2013	9	1110059	2	1960	1	1	2005	4	68221	0	1	1	0	0	0	0	1	1	0	0	0	0	0	0	0	2	2
2013	9	1110059	2	1958	1	1	2000	1	56194	0	1	1	1	0	1	0	0	0	0	0	0	0	0	0	1	1	2
2013	9	1110059	1	1957	1	1	2003	8	47121	1	0	1	0	0	0	1	1	2	2	0	2	0	0	0	4	1	5
2013	9	1110059	2	1967	1	1	1989	12	85620	0	1	1	0	0	0	0	1	1	0	0	0	0	0	0	0	2	2
2013	9	1110059	2	1961	1	1	2004	2	96912	0	1	1	0	0	0	0	0	0	0	0	0	0	0	0	0	1	1
2013	9	1110059	2	1964	1	1	2002	1	68221	0	1	1	1	0	1	0	1	1	0	0	0	0	0	0	1	2	3
2013	9	1110059	2	1970	1	1	2003	4	96912	0	1	1	1	0	1	0	0	0	0	0	0	0	0	0	1	1	2
2013	9	1110059	2	1970	1	1	2008	1	96112	0	1	1	0	0	0	0	1	1	0	0	0	0	0	0	0	2	2
2013	9	1110059	1	1948	4	1	2008	6	94912	0	0	0	0	0	0	1	0	1	0	0	0	0	0	0	1	0	1
2013	9	1110059	1	1970	1	1	2001	3	95212	1	0	1	0	0	0	0	0	0	1	0	1	0	0	0	2	0	2
2013	9	1110059	2	1956	1	1	2011	4	49311	0	1	1	0	0	0	1	0	1	2	1	3	0	0	0	3	2	5
2013	9	1110059	2	1965	1	1	2002	2	56219	0	1	1	1	0	1	0	0	0	0	0	0	0	0	0	1	1	2
2013	9	1110059	2	1938	1	1	1994	4	85620	0	1	1	0	0	0	0	1	1	0	0	0	0	0	0	0	2	2
2013	9	1110059	1	1955	1	1	2005	10	95212	1	0	1	0	0	0	0	0	0	1	0	1	0	0	0	2	0	2
2013	9	1110059	1	1972	4	1	2006	4	94912	0	0	0	0	0	0	1	0	1	0	0	0	0	0	0	1	0	1
2013	9	1110059	1	1963	1	1	2004	2	85502	1	0	1	0	0	0	0	0	0	0	0	0	0	0	0	1	0	1
2013	9	1110059	1	1948	1	1	1998	6	47129	1	0	1	0	1	1	0	0	0	0	0	0	0	0	0	1	1	2
2013	9	1110059	1	1966	1	1	2009	6	46443	1	0	1	0	1	1	0	0	0	0	0	0	0	0	0	1	1	2
2013	9	1110059	1	1952	1	1	1997	3	85611	1	0	1	0	0	0	1	0	1	0	0	0	0	0	0	2	0	2
2013	9	1110059	1	1962	1	1	2008	3	85501	1	0	1	0	0	0	1	2	3	0	1	1	0	0	0	2	3	5
2013	9	1110059	1	1955	2	1	1997	7	42500	0	0	0	0	0	0	2	1	3	0	0	0	0	0	0	2	1	3
2013	9	1110059	1	1973	1	1	2009	11	95121	1	0	1	0	0	0	0	0	0	0	0	0	0	0	0	1	0	1
2013	9	1110059	2	1937	1	1	2001	7	47214	0	1	1	1	0	1	0	0	0	0	0	0	0	0	0	1	1	2
2013	9	1110059	1	1968	2	3	2009	11	47312	0	0	0	0	0	0	2	1	3	0	0	0	0	0	0	2	1	3
2013	9	1110059	2	1948	1	1	2011	11	56111	0	1	1	1	0	1	1	1	2	0	0	0	0	0	0	2	2	4
2013	9	1110059	1	1961	1	1	2007	7	56111	1	0	1	1	0	1	0	2	2	0	0	0	0	0	0	2	2	4
2013	9	1110059	2	1961	1	1	2006	3	47830	0	1	1	1	0	1	0	0	0	0	0	0	0	0	0	1	1	2
2013	9	1110059	2	1954	1	1	2006	5	56111	0	1	1	0	0	0	0	0	0	0	1	1	0	0	0	0	2	2
2013	9	1110059	1	1981	1	1	2009	3	85611	1	0	1	0	0	0	1	0	1	0	0	0	0	0	0	2	0	2
2013	9	1110059	2	1964	1	1	2006	3	14411	0	1	1	0	0	0	1	0	1	0	0	0	0	0	0	1	1	2
2013	9	1110059	2	1977	1	1	2009	3	56111	0	1	1	0	0	0	0	3	3	2	0	2	0	0	0	2	4	6
2013	9	1110059	1	1978	1	1	2013	10	91135	1	0	1	0	0	0	0	0	0	1	0	1	0	0	0	2	0	2
2013	9	1110059	2	1958	1	1	2002	3	56111	0	1	1	0	0	0	0	0	0	0	1	1	0	0	0	0	2	2
2013	9	1110059	1	1975	1	1	2009	7	68221	1	0	1	0	0	0	0	0	0	1	0	1	0	0	0	2	0	2
2013	9	1110059	1	1972	1	1	2011	11	91222	1	0	1	0	0	0	1	1	2	0	0	0	0	0	0	2	1	3
2013	9	1110059	2	1969	1	1	2007	1	68221	0	1	1	0	0	0	0	1	1	0	0	0	0	0	0	0	2	2
2013	9	1110059	2	1971	1	1	2012	4	85502	0	1	1	0	0	0	0	1	1	0	0	0	0	0	0	0	2	2
2013	9	1110059	2	1962	1	1	2006	12	87210	0	1	1	0	0	0	0	5	5	0	0	0	0	0	0	0	6	6
2013	9	1110059	1	1947	1	1	2010	2	87210	1	0	1	0	0	0	0	4	4	0	0	0	0	0	0	1	4	5
2013	9	1110059	2	1975	1	1	2010	3	85502	0	1	1	0	0	0	0	0	0	0	0	0	0	0	0	0	1	1
2013	9	1110059	2	1972	1	1	2009	5	87210	0	1	1	0	0	0	0	3	3	0	0	0	0	0	0	0	4	4
2013	9	1110059	2	1972	1	1	2006	9	87210	0	1	1	0	0	0	0	5	5	0	1	1	0	0	0	0	7	7
2013	9	1110059	2	1975	1	1	2009	9	87210	0	1	1	0	0	0	0	4	4	0	1	1	0	0	0	0	6	6
2013	9	1110059	2	1950	4	1	1990	5	68211	0	0	0	0	0	0	3	2	5	0	0	0	0	0	0	3	2	5
2013	9	1110059	2	1987	1	1	2013	4	85620	0	1	1	0	0	0	0	0	0	0	0	0	0	0	0	0	1	1
2013	9	1110059	2	1973	1	1	2002	1	96112	0	1	1	0	0	0	0	0	0	0	1	1	0	0	0	0	2	2
2013	9	1110059	1	1960	1	1	1999	10	68221	1	0	1	0	1	1	0	0	0	0	0	0	0	0	0	1	1	2
2013	9	1110059	2	1957	1	1	2011	1	85503	0	1	1	0	0	0	0	3	3	0	0	0	0	0	0	0	4	4
2013	9	1110059	1	1942	2	3	2006	2	47711	0	0	0	0	0	0	4	0	4	4	0	4	0	0	0	8	0	8
2013	9	1110059	1	1963	1	1	2011	8	47129	1	0	1	0	1	1	0	0	0	3	1	4	0	0	0	4	2	6
2013	9	1110059	1	1970	2	1	2008	1	46453	0	0	0	0	0	0	11	4	15	0	0	0	0	0	0	11	4	15
2013	9	1110059	1	1961	1	1	2004	12	68221	1	0	1	0	0	0	0	1	1	0	0	0	0	0	0	1	1	2
2013	9	1110059	2	1968	1	1	2001	1	87210	0	1	1	0	0	0	0	4	4	0	0	0	0	0	0	0	5	5
2013	9	1110059	1	1941	4	1	2000	12	68211	0	0	0	0	0	0	3	1	4	0	0	0	0	0	0	3	1	4
2013	9	1110059	2	1958	1	1	2005	3	47591	0	1	1	1	0	1	0	0	0	0	0	0	0	0	0	1	1	2
2013	9	1110059	1	1973	1	1	2003	9	47212	1	0	1	0	0	0	0	0	0	1	0	1	0	0	0	2	0	2
2013	9	1110059	1	1952	1	1	2005	11	91223	1	0	1	0	0	0	0	0	0	0	1	1	0	0	0	1	1	2
2013	9	1110059	2	1966	1	1	2012	8	47216	0	1	1	0	0	0	0	0	0	0	1	1	0	0	0	0	2	2
2013	9	1110059	2	1948	4	1	1994	8	94912	0	0	0	0	0	0	0	2	2	0	0	0	0	0	0	0	2	2
2013	9	1110059	1	1967	1	1	2011	5	42412	1	0	1	0	0	0	0	0	0	0	0	0	0	0	0	1	0	1
2013	9	1110059	2	1957	1	1	2006	6	68221	0	1	1	0	0	0	0	1	1	0	0	0	0	0	0	0	2	2
2013	9	1110059	2	1961	1	1	1995	5	96112	0	1	1	0	0	0	0	0	0	0	1	1	0	0	0	0	2	2
2013	9	1110059	2	1963	1	1	2000	5	85620	0	1	1	0	0	0	0	0	0	0	0	0	0	0	0	0	1	1
2013	9	1110059	2	1957	1	1	2007	6	95391	0	1	1	0	0	0	0	0	0	0	0	0	0	0	0	0	1	1
2013	9	1110059	2	1958	1	1	2007	7	47411	0	1	1	0	0	0	0	0	0	0	1	1	0	0	0	0	2	2
2013	9	1110059	2	1967	1	1	2001	9	56194	0	1	1	0	0	0	0	0	0	0	2	2	0	0	0	0	3	3
2013	9	1110059	1	1964	1	1	2011	3	56191	1	0	1	0	1	1	0	0	0	0	0	0	0	0	0	1	1	2
2013	9	1110059	2	1952	1	1	2007	1	68221	0	1	1	0	0	0	0	1	1	0	0	0	0	0	0	0	2	2
2013	9	1110059	1	1947	1	1	2011	12	95391	1	0	1	0	0	0	0	0	0	0	0	0	0	0	0	1	0	1
2013	9	1110059	2	1959	1	1	2002	3	47129	0	1	1	1	0	1	0	0	0	0	0	0	0	0	0	1	1	2
2013	9	1110059	1	1956	1	1	1992	3	42412	1	0	1	0	1	1	0	0	0	0	0	0	0	0	0	1	1	2
2013	9	1110059	1	1957	1	1	1997	4	85620	1	0	1	0	0	0	0	0	0	0	0	0	0	0	0	1	0	1
2013	9	1110059	1	1962	1	1	1995	5	42412	1	0	1	0	0	0	0	0	0	0	0	0	0	0	0	1	0	1
2013	9	1110059	1	1957	1	1	2001	9	68221	1	0	1	0	1	1	0	0	0	0	0	0	0	0	0	1	1	2
2013	9	1110059	1	1968	4	1	2006	5	94912	0	0	0	0	0	0	1	0	1	0	0	0	0	1	1	1	1	2
2013	9	1110059	2	1970	1	1	2011	2	85502	0	1	1	1	0	1	0	0	0	0	2	2	0	0	0	1	3	4
2013	9	1110059	1	1973	1	1	2004	4	86202	1	0	1	0	0	0	0	1	1	0	0	0	0	0	0	1	1	2
2013	9	1110059	2	1970	1	1	2007	6	85620	0	1	1	0	0	0	0	0	0	0	0	0	0	0	0	0	1	1
2013	9	1110059	2	1963	1	1	2005	4	96995	0	1	1	0	0	0	0	0	0	0	0	0	0	0	0	0	1	1
2013	9	1110059	2	1971	1	1	2011	3	47413	0	1	1	0	0	0	0	0	0	0	1	1	0	0	0	0	2	2
2013	9	1110059	2	1957	1	1	2011	5	91223	0	1	1	0	0	0	0	0	0	0	0	0	0	1	1	0	2	2
2013	9	1110059	2	1952	1	1	2002	11	47813	0	1	1	0	0	0	0	1	1	0	2	2	0	0	0	0	4	4
2013	9	1110059	2	1963	1	1	2009	5	47219	0	1	1	0	0	0	0	0	0	0	0	0	0	0	0	0	1	1
2013	9	1110059	2	1964	1	1	2001	4	56219	0	1	1	0	0	0	0	2	2	0	1	1	0	0	0	0	4	4
2013	9	1110059	1	1960	1	1	2006	12	56111	1	0	1	0	1	1	0	1	1	0	0	0	0	0	0	1	2	3
2013	9	1110059	2	1969	1	1	2009	2	68221	0	1	1	0	0	0	1	0	1	0	0	0	0	0	0	1	1	2
2013	9	1110059	1	1961	2	1	2007	1	46462	0	0	0	0	0	0	1	1	2	0	0	0	0	0	0	1	1	2
2013	9	1110059	1	1967	1	1	2009	9	71531	1	0	1	0	0	0	0	0	0	0	1	1	0	0	0	1	1	2
2013	9	1110059	1	1963	2	3	2007	9	64121	0	0	0	0	0	0	7	7	14	0	0	0	0	0	0	7	7	14
2013	9	1110059	1	1965	1	1	2005	1	47611	1	0	1	0	1	1	0	1	1	0	0	0	0	0	0	1	2	3
2013	9	1110059	1	1975	1	1	2008	4	86202	1	0	1	0	0	0	1	21	22	0	0	0	0	0	0	2	21	23
2013	9	1110059	1	1956	1	1	1989	12	56194	1	0	1	0	0	0	0	0	0	0	0	0	0	0	0	1	0	1
2013	9	1110059	2	1958	1	1	1994	1	95391	0	1	1	1	0	1	0	0	0	0	0	0	0	0	0	1	1	2
2013	9	1110059	2	1971	1	1	2009	10	68221	0	1	1	0	0	0	0	1	1	0	0	0	0	0	0	0	2	2
2013	9	1110059	2	1961	1	1	2002	2	56111	0	1	1	0	0	0	0	0	0	0	1	1	0	0	0	0	2	2
2013	9	1110059	1	1968	1	1	1999	6	96912	1	0	1	0	1	1	0	0	0	0	0	0	0	0	0	1	1	2
2013	9	1110059	1	1949	1	1	1998	9	42412	1	0	1	0	1	1	0	0	0	0	0	0	0	0	0	1	1	2
2013	9	1110059	2	1957	1	1	1993	6	47612	0	1	1	1	0	1	0	0	0	0	0	0	0	0	0	1	1	2
2013	9	1110059	1	1958	1	1	2009	7	56192	1	0	1	0	1	1	0	0	0	0	0	0	0	0	0	1	1	2
2013	9	1110059	2	1964	1	1	2012	1	87210	0	1	1	0	0	0	0	3	3	0	0	0	0	0	0	0	4	4
2013	9	1110059	1	1966	1	1	2005	6	27192	1	0	1	0	0	0	0	0	0	0	0	0	0	0	0	1	0	1
2013	9	1110059	1	1981	1	1	2011	3	47312	1	0	1	0	0	0	0	0	0	2	1	3	0	0	0	3	1	4
2013	9	1110059	2	1978	1	1	2013	2	47216	0	1	1	0	0	0	0	0	0	0	0	0	0	0	0	0	1	1
2013	9	1110059	1	1978	1	1	2000	4	14411	1	0	1	0	0	0	1	0	1	0	0	0	0	0	0	2	0	2
2013	9	1110059	1	1940	1	1	1991	12	56111	1	0	1	0	0	0	0	0	0	0	1	1	0	0	0	1	1	2
2013	9	1110059	1	1975	1	1	2006	8	86202	1	0	1	0	0	0	0	3	3	0	0	0	0	0	0	1	3	4
2013	9	1110059	1	1952	1	1	1986	11	86201	1	0	1	0	0	0	0	2	2	0	1	1	0	0	0	1	3	4
2013	9	1110059	1	1962	3	3	1974	12	94913	0	0	0	0	0	0	4	3	7	0	0	0	0	0	0	4	3	7
2013	9	1110059	2	1966	1	1	2010	6	95391	0	1	1	0	0	0	0	0	0	0	0	0	0	0	0	0	1	1
2013	9	1110059	2	1954	1	1	2013	2	56219	0	1	1	0	0	0	0	1	1	0	0	0	0	0	0	0	2	2
2013	9	1110059	2	1961	1	1	2009	6	91223	0	1	1	0	0	0	1	0	1	0	1	1	0	0	0	1	2	3
2013	9	1110059	1	1985	1	1	2010	7	56219	1	0	1	0	0	0	1	0	1	0	0	0	0	0	0	2	0	2
2013	9	1110059	2	1960	1	1	2012	9	68221	0	1	1	0	0	0	0	1	1	0	0	0	0	0	0	0	2	2
2013	9	1110059	2	1962	1	1	1991	5	56112	0	1	1	1	0	1	0	1	1	0	0	0	0	0	0	1	2	3
2013	9	1110059	2	1963	1	1	2010	6	47216	0	1	1	0	0	0	0	0	0	0	1	1	0	0	0	0	2	2
2013	9	1110059	2	1966	1	1	2009	10	14191	0	1	1	0	0	0	0	2	2	0	0	0	0	0	0	0	3	3
2013	9	1110059	2	1964	1	1	2005	3	56194	0	1	1	1	0	1	0	0	0	0	0	0	0	0	0	1	1	2
2013	9	1110059	1	1972	1	1	2003	7	56111	1	0	1	0	0	0	0	1	1	0	0	0	0	0	0	1	1	2
2013	9	1110059	2	1960	1	1	2002	5	56111	0	1	1	0	0	0	0	0	0	0	1	1	0	0	0	0	2	2
2013	9	1110059	1	1974	1	1	2013	2	91135	1	0	1	0	0	0	0	0	0	0	0	0	0	0	0	1	0	1
2013	9	1110059	2	1985	1	1	2011	10	68221	0	1	1	0	1	1	0	0	0	0	0	0	0	0	0	0	2	2
2013	9	1110059	1	1943	1	1	2001	1	47513	1	0	1	0	1	1	0	0	0	0	0	0	0	0	0	1	1	2
2013	9	1110059	2	1952	1	1	2003	7	47413	0	1	1	0	0	0	0	0	0	0	0	0	0	0	0	0	1	1
2013	9	1110059	2	1978	1	1	2005	3	56111	0	1	1	0	0	0	0	0	0	0	1	1	0	0	0	0	2	2
2013	9	1110059	1	1960	1	1	1995	9	56111	1	0	1	0	0	0	0	0	0	1	1	2	0	0	0	2	1	3
2013	9	1110059	2	1962	1	1	2008	4	91223	0	1	1	0	0	0	0	0	0	0	0	0	0	0	0	0	1	1
2013	9	1110059	2	1960	1	1	1999	9	47813	0	1	1	0	0	0	0	0	0	0	0	0	0	0	0	0	1	1
2013	9	1110059	1	1965	1	1	2004	2	47215	1	0	1	0	1	1	0	0	0	0	0	0	0	0	0	1	1	2
2013	9	1110059	1	1973	1	1	2010	11	86203	1	0	1	0	0	0	0	2	2	0	0	0	0	0	0	1	2	3
2013	9	1110059	1	1963	1	1	2001	10	86201	1	0	1	0	0	0	0	2	2	0	0	0	0	0	0	1	2	3
2013	9	1110059	2	1960	1	1	2007	11	56220	0	1	1	0	0	0	0	0	0	0	1	1	0	0	0	0	2	2
2013	9	1110059	1	1963	1	1	2008	4	68221	1	0	1	0	0	0	0	1	1	0	0	0	0	0	0	1	1	2
2013	9	1110059	2	1962	1	1	2007	4	56111	0	1	1	1	0	1	0	0	0	0	1	1	0	0	0	1	2	3
2013	9	1110059	2	1960	1	1	1998	4	56111	0	1	1	0	0	0	0	1	1	0	0	0	0	0	0	0	2	2
2013	9	1110059	1	1967	1	1	2000	2	10742	1	0	1	0	1	1	0	0	0	0	0	0	0	0	0	1	1	2
2013	9	1110059	1	1943	4	1	1998	9	94912	0	0	0	0	0	0	1	0	1	0	1	1	0	0	0	1	1	2
2013	9	1110059	1	1979	1	1	2007	2	47852	1	0	1	0	0	0	0	0	0	0	1	1	0	0	0	1	1	2
2013	9	1110059	2	1960	1	1	1997	3	95391	0	1	1	0	0	0	0	0	0	0	0	0	0	0	0	0	1	1
2013	9	1110059	1	1983	1	1	2008	5	56220	1	0	1	0	0	0	0	0	0	0	1	1	0	0	0	1	1	2
2013	9	1110059	2	1962	1	1	2010	1	47813	0	1	1	0	0	0	0	0	0	0	1	1	0	0	0	0	2	2
2013	9	1110059	1	1986	1	1	2011	11	56220	1	0	1	0	0	0	0	0	0	0	1	1	0	0	0	1	1	2
2013	9	1110059	2	1958	1	1	2006	9	47312	0	1	1	0	0	0	0	0	0	0	1	1	0	0	0	0	2	2
2013	9	1110059	1	1987	4	1	2008	8	85699	0	0	0	0	0	0	1	0	1	1	0	1	1	0	1	3	0	3
2013	9	1110059	2	1969	1	1	2011	1	47413	0	1	1	0	0	0	0	0	0	0	1	1	0	0	0	0	2	2
2013	9	1110059	2	1956	1	1	2010	5	56219	0	1	1	0	0	0	0	0	0	0	1	1	0	0	0	0	2	2
2013	9	1110059	2	1966	1	1	1998	11	86201	0	1	1	0	0	0	0	2	2	0	0	0	0	0	0	0	3	3
2013	9	1110059	1	1934	1	1	2013	12	56192	1	0	1	0	0	0	2	3	5	9	20	29	0	0	0	12	23	35
2013	9	1110059	2	1969	1	1	2010	10	47811	0	1	1	0	0	0	0	1	1	0	0	0	0	0	0	0	2	2
2013	9	1110059	1	1979	1	1	2003	9	47413	1	0	1	0	0	0	0	1	1	0	0	0	0	0	0	1	1	2
2013	9	1110059	1	1965	1	1	2011	1	47413	1	0	1	0	0	0	0	1	1	0	0	0	0	0	0	1	1	2
2013	9	1110059	1	1957	1	1	2013	4	47419	1	0	1	0	0	0	0	0	0	2	1	3	0	0	0	3	1	4
2013	9	1110059	1	1955	3	3	1984	10	49211	0	0	0	0	0	0	13	1	14	0	0	0	0	0	0	13	1	14
2013	9	1110059	2	1973	1	1	2008	7	85611	0	1	1	0	0	0	0	0	0	0	0	0	0	0	0	0	1	1
2013	9	1110059	1	1980	1	1	2010	10	47822	1	0	1	0	0	0	8	0	8	0	0	0	0	0	0	9	0	9
2013	9	1110059	1	1978	1	1	1997	6	68212	1	0	1	0	0	0	1	0	1	0	0	0	0	0	0	2	0	2
2013	9	1110059	2	1959	1	1	2011	12	96122	0	1	1	0	0	0	0	0	0	0	0	0	0	0	0	0	1	1
2013	9	1110059	1	1960	1	1	2002	1	56220	1	0	1	0	0	0	0	0	0	0	1	1	0	0	0	1	1	2
2013	9	1110059	2	1974	1	1	2010	4	91223	0	1	1	0	0	0	0	0	0	0	0	0	0	0	0	0	1	1
2013	9	1110059	1	1943	1	1	2001	2	47211	1	0	1	0	1	1	0	0	0	0	0	0	0	0	0	1	1	2
2013	9	1110059	2	1981	1	1	2012	1	56111	0	1	1	0	0	0	0	0	0	0	2	2	0	0	0	0	3	3
2013	9	1110059	2	1949	1	1	1993	12	56111	0	1	1	0	0	0	0	0	0	0	1	1	0	0	0	0	2	2
2013	9	1110059	1	1962	1	1	2013	12	47215	1	0	1	0	0	0	0	0	0	0	1	1	0	0	0	1	1	2
2013	9	1110059	1	1952	1	1	1999	1	56111	1	0	1	0	0	0	0	1	1	0	2	2	0	0	0	1	3	4
2013	9	1110059	1	1948	1	1	2010	6	68221	1	0	1	0	0	0	0	1	1	0	0	0	0	0	0	1	1	2
2013	9	1110059	1	1956	1	1	1996	2	14191	1	0	1	0	0	0	0	0	0	0	1	1	0	0	0	1	1	2
2013	9	1110059	2	1964	1	1	2003	1	14112	0	1	1	0	0	0	0	0	0	0	1	1	0	0	0	0	2	2
2013	9	1110059	1	1961	1	1	2002	5	96912	1	0	1	0	0	0	0	0	0	0	0	0	0	0	0	1	0	1
2013	9	1110059	1	1954	1	1	1993	6	95119	1	0	1	0	1	1	0	0	0	0	0	0	0	0	0	1	1	2
2013	9	1110059	2	1960	1	1	2007	1	47611	0	1	1	0	0	0	0	0	0	0	1	1	0	0	0	0	2	2
2013	9	1110059	1	1963	1	1	1999	11	86201	1	0	1	0	0	0	0	6	6	0	0	0	0	0	0	1	6	7
2013	9	1110059	1	1958	1	1	1999	10	91223	1	0	1	0	0	0	0	0	0	0	1	1	0	0	0	1	1	2
2013	9	1110059	1	1963	1	1	2010	12	86202	1	0	1	0	0	0	5	36	41	0	0	0	0	0	0	6	36	42
2013	9	1110059	2	1960	1	1	2005	8	47129	0	1	1	0	0	0	0	0	0	3	2	5	0	0	0	3	3	6
2013	9	1110059	1	1968	2	2	2002	2	47312	0	0	0	0	0	0	3	1	4	0	0	0	0	0	0	3	1	4
2013	9	1110059	2	1962	1	1	1999	3	47811	0	1	1	0	0	0	1	3	4	0	0	0	0	0	0	1	4	5
2013	9	1110059	1	1965	1	1	2010	4	86201	1	0	1	0	0	0	1	6	7	0	0	0	0	0	0	2	6	8
2013	9	1110059	1	1965	1	1	2011	1	68221	1	0	1	0	0	0	0	0	0	0	0	0	0	0	0	1	0	1
2013	9	1110059	2	1957	1	1	2002	7	56219	0	1	1	0	0	0	0	0	0	0	1	1	0	0	0	0	2	2
2013	9	1110059	1	1961	1	1	2013	10	96912	1	0	1	0	1	1	0	0	0	0	0	0	0	0	0	1	1	2
2013	9	1110059	2	1971	1	1	2011	2	56219	0	1	1	0	0	0	0	0	0	0	0	0	0	0	0	0	1	1
2013	9	1110059	1	1979	1	1	2007	4	56111	1	0	1	0	0	0	0	0	0	0	1	1	0	0	0	1	1	2
2013	9	1110059	2	1964	4	1	2010	6	94912	0	0	0	0	0	0	0	1	1	0	0	0	0	0	0	0	1	1
2013	9	1110059	2	1984	1	1	2011	1	96112	0	1	1	0	0	0	1	0	1	0	0	0	0	0	0	1	1	2
2013	9	1110059	2	1965	1	1	2012	2	47216	0	1	1	0	0	0	0	0	0	0	1	1	0	0	0	0	2	2
2013	9	1110059	1	1976	1	1	2007	5	30399	1	0	1	0	0	0	1	0	1	0	1	1	0	0	0	2	1	3
2013	9	1110059	2	1953	1	1	2007	1	96992	0	1	1	0	0	0	0	0	0	0	0	0	0	0	0	0	1	1
2013	9	1110059	2	1947	1	1	2012	10	96112	0	1	1	0	0	0	0	0	0	0	1	1	0	0	0	0	2	2
2013	9	1110059	2	1959	1	1	2008	6	95391	0	1	1	0	0	0	0	0	0	0	0	0	0	0	0	0	1	1
2013	9	1110059	1	1969	1	1	2010	11	47122	1	0	1	0	0	0	0	0	0	3	1	4	0	0	0	4	1	5
2013	9	1110059	2	1985	1	1	2008	7	85620	0	1	1	0	0	0	0	0	0	0	0	0	0	0	0	0	1	1
2013	9	1110059	2	1949	1	1	2008	9	56199	0	1	1	0	0	0	0	0	0	0	1	1	0	0	0	0	2	2
2013	9	1110059	1	1963	1	1	2003	2	56219	1	0	1	0	1	1	0	0	0	0	0	0	0	0	0	1	1	2
2013	9	1110059	1	1954	1	1	2001	11	25200	1	0	1	0	0	0	0	0	0	0	1	1	0	0	0	1	1	2
2013	9	1110059	2	1958	1	1	2010	11	45219	0	1	1	0	0	0	1	0	1	0	0	0	0	0	0	1	1	2
2013	9	1110059	1	1965	1	1	1998	12	47129	1	0	1	0	1	1	0	0	0	0	0	0	0	0	0	1	1	2
2013	9	1110059	2	1958	1	1	1999	3	96992	0	1	1	0	0	0	0	0	0	0	0	0	0	0	0	0	1	1
2013	9	1110059	2	1951	1	1	1980	1	96112	0	1	1	0	0	0	0	0	0	0	0	0	0	0	0	0	1	1
2013	9	1110059	1	1961	1	1	2009	12	56194	1	0	1	0	1	1	0	0	0	0	0	0	0	0	0	1	1	2
2013	9	1110059	1	1974	1	1	2012	7	47591	1	0	1	0	0	0	0	0	0	0	0	0	0	0	0	1	0	1
2013	9	1110059	1	1976	1	1	2010	8	56219	1	0	1	0	1	1	0	0	0	0	0	0	0	0	0	1	1	2
2013	9	1110059	1	1966	1	1	2006	3	56111	1	0	1	0	1	1	0	0	0	0	0	0	0	0	0	1	1	2
2013	9	1110059	2	1961	1	1	2003	5	56219	0	1	1	0	0	0	0	1	1	0	0	0	0	0	0	0	2	2
2013	9	1110059	2	1949	1	1	1994	2	47129	0	1	1	1	0	1	0	0	0	0	0	0	0	0	0	1	1	2
2013	9	1110059	2	1960	1	1	1991	6	95310	0	1	1	0	0	0	0	0	0	0	1	1	0	0	0	0	2	2
2013	9	1110059	2	1971	1	1	2004	2	14411	0	1	1	0	0	0	2	0	2	1	0	1	0	0	0	3	1	4
2013	9	1110059	1	1950	1	1	2010	5	14191	1	0	1	0	0	0	0	2	2	0	2	2	0	0	0	1	4	5
2013	9	1110059	1	1953	1	1	1982	1	96111	1	0	1	0	1	1	0	0	0	0	0	0	0	0	0	1	1	2
2013	9	1110059	2	1964	1	1	2010	6	14112	0	1	1	0	0	0	1	0	1	0	3	3	0	0	0	1	4	5
2013	9	1110059	2	1959	4	1	2011	5	94912	0	0	0	0	0	0	0	1	1	0	0	0	0	0	0	0	1	1
2013	9	1110059	1	1959	1	1	2000	6	46599	1	0	1	0	0	0	0	0	0	0	1	1	0	0	0	1	1	2
2013	9	1110059	1	1969	1	1	2000	4	71393	1	0	1	0	0	0	0	0	0	1	0	1	0	0	0	2	0	2
2013	9	1110059	1	1970	1	1	2004	6	47311	1	0	1	0	1	1	0	0	0	0	0	0	0	0	0	1	1	2
2013	9	1110059	1	1965	1	1	1995	12	47511	1	0	1	0	1	1	0	0	0	0	0	0	0	0	0	1	1	2
2013	9	1110059	1	1964	1	1	1995	2	14112	1	0	1	0	0	0	4	36	40	0	0	0	0	0	0	5	36	41
2013	9	1110059	2	1968	1	1	2004	3	56194	0	1	1	0	0	0	0	0	0	0	1	1	0	0	0	0	2	2
2013	9	1110059	1	1976	1	1	2010	9	47419	1	0	1	0	0	0	1	2	3	0	0	0	0	0	0	2	2	4
2013	9	1110059	1	1960	1	1	2008	5	96912	1	0	1	0	0	0	0	0	0	0	0	0	0	0	0	1	0	1
2013	9	1110059	2	1960	1	1	2002	10	96112	0	1	1	0	0	0	0	0	0	0	0	0	0	0	0	0	1	1
2013	9	1110059	1	1959	1	1	2005	3	14411	1	0	1	0	0	0	0	1	1	0	0	0	0	0	0	1	1	2
2013	9	1110059	2	1960	1	1	2008	8	14411	0	1	1	0	0	0	0	0	0	1	2	3	0	0	0	1	3	4
2013	9	1110059	1	1973	1	1	2008	9	47311	1	0	1	0	0	0	1	0	1	0	0	0	0	0	0	2	0	2
2013	9	1110059	2	1962	1	1	2006	5	90212	0	1	1	1	0	1	0	0	0	0	0	0	0	0	0	1	1	2
2013	9	1110059	2	1982	1	1	2011	12	91132	0	1	1	0	0	0	1	0	1	0	0	0	0	0	0	1	1	2
2013	9	1110059	1	1954	2	3	2011	3	47121	0	0	0	0	0	0	3	6	9	0	0	0	0	0	0	3	6	9
2013	9	1110059	1	1935	1	1	2004	4	68112	1	0	1	0	0	0	2	0	2	0	0	0	0	0	0	3	0	3
2013	9	1110059	2	1945	1	1	2009	9	47190	0	1	1	0	0	0	0	0	0	0	0	0	0	0	0	0	1	1
2013	9	1110059	2	1954	1	1	2006	2	68221	0	1	1	0	0	0	0	1	1	0	0	0	0	0	0	0	2	2
2013	9	1110059	1	1950	1	1	2010	4	42201	1	0	1	0	1	1	0	0	0	0	0	0	0	0	0	1	1	2
2013	9	1110059	2	1974	1	1	2011	7	96112	0	1	1	0	0	0	0	0	0	0	1	1	0	0	0	0	2	2
2013	9	1110059	1	1947	1	1	1985	2	42201	1	0	1	0	0	0	0	0	0	0	0	0	0	0	0	1	0	1
2013	9	1110059	2	1964	1	1	2011	7	47219	0	1	1	0	0	0	0	0	0	0	1	1	0	0	0	0	2	2
2013	9	1110059	1	1952	1	1	2007	1	56219	1	0	1	0	1	1	0	0	0	0	0	0	0	0	0	1	1	2
2013	9	1110059	2	1972	1	1	2011	12	96112	0	1	1	0	0	0	0	0	0	0	1	1	0	0	0	0	2	2
2013	9	1110059	2	1971	1	1	2008	5	68221	0	1	1	0	0	0	0	0	0	0	0	0	0	0	0	0	1	1
2013	9	1110059	1	1949	2	1	2007	2	42204	0	0	0	0	0	0	2	0	2	1	0	1	0	0	0	3	0	3
2013	9	1110059	2	1966	1	1	2011	4	56220	0	1	1	0	0	0	1	2	3	1	1	2	0	0	0	2	4	6
2013	9	1110059	1	1955	1	1	2003	1	71202	1	0	1	0	0	0	4	6	10	0	0	0	0	0	0	5	6	11
2013	9	1110059	1	1960	1	1	2007	12	86202	1	0	1	0	0	0	1	3	4	0	0	0	0	0	0	2	3	5
2013	9	1110059	2	1955	1	1	2006	10	55909	0	1	1	0	0	0	0	0	0	0	0	0	0	0	0	0	1	1
2013	9	1110059	1	1939	1	1	1984	2	86203	1	0	1	0	0	0	0	0	0	0	0	0	0	0	0	1	0	1
2013	9	1110059	1	1956	1	1	2002	1	49312	1	0	1	0	0	0	2	0	2	1	0	1	0	0	0	4	0	4
2013	9	1110059	1	1960	1	1	2002	1	68221	1	0	1	0	0	0	0	1	1	0	0	0	0	0	0	1	1	2
2013	9	1110059	2	1966	1	1	2011	3	47216	0	1	1	0	0	0	0	0	0	0	0	0	0	0	0	0	1	1
2013	9	1110059	1	1947	4	1	2011	3	94912	0	0	0	0	0	0	1	0	1	0	0	0	0	0	0	1	0	1
2013	9	1110059	2	1960	1	1	2010	5	95391	0	1	1	0	0	0	0	0	0	0	0	0	0	0	0	0	1	1
2013	9	1110059	1	1957	1	1	2011	9	42412	1	0	1	0	0	0	1	0	1	0	0	0	0	0	0	2	0	2
2013	9	1110059	1	1972	1	1	1997	10	96112	1	0	1	0	0	0	0	0	0	0	1	1	0	0	0	1	1	2
2013	9	1110059	1	1961	1	1	2002	2	96912	1	0	1	0	1	1	0	0	0	0	0	0	0	0	0	1	1	2
2013	9	1110059	1	1961	1	1	2001	5	52919	1	0	1	0	1	1	0	0	0	0	0	0	0	0	0	1	1	2
2013	9	1110059	1	1970	1	1	2011	3	46329	1	0	1	0	0	0	0	1	1	0	0	0	0	0	0	1	1	2
2013	9	1110059	2	1957	1	1	2010	6	56111	0	1	1	0	0	0	0	0	0	0	0	0	0	0	0	0	1	1
2013	9	1110059	1	1958	1	1	2009	11	46539	1	0	1	0	0	0	0	0	0	0	1	1	0	0	0	1	1	2
2013	9	1110059	2	1973	1	1	2010	10	47216	0	1	1	0	0	0	0	0	0	0	0	0	0	0	0	0	1	1
2013	9	1110059	1	1958	2	1	1995	6	47312	0	0	0	0	0	0	2	1	3	0	0	0	0	0	0	2	1	3
2013	9	1110059	2	1967	1	1	2010	4	56193	0	1	1	1	0	1	0	0	0	0	1	1	0	0	0	1	2	3
2013	9	1110059	1	1970	1	1	2010	9	47992	1	0	1	0	0	0	0	0	0	4	0	4	0	0	0	5	0	5
2013	9	1110059	1	1951	1	1	2002	4	46324	1	0	1	0	1	1	0	0	0	0	0	0	0	0	0	1	1	2
2013	9	1110059	2	1973	1	1	2008	3	46691	0	1	1	1	0	1	0	0	0	0	0	0	0	0	0	1	1	2
2013	9	1110059	1	1963	1	1	2006	4	95212	1	0	1	0	0	0	0	0	0	0	0	0	0	0	0	1	0	1
2013	9	1110059	1	1981	1	1	2010	4	45219	1	0	1	0	0	0	0	0	0	0	0	0	0	0	0	1	0	1
2013	9	1110059	1	1961	3	3	2005	1	87299	0	0	0	0	0	0	1	2	3	0	0	0	0	0	0	1	2	3
2013	9	1110059	1	1979	1	1	2009	2	47312	1	0	1	1	0	1	0	0	0	0	0	0	0	0	0	2	0	2
2013	9	1110059	2	1947	1	1	2011	6	47631	0	1	1	0	0	0	0	1	1	0	0	0	0	0	0	0	2	2
2013	9	1110059	1	1960	1	1	2012	1	73301	1	0	1	0	0	0	0	0	0	0	0	0	0	0	0	1	0	1
2013	9	1110059	2	1964	1	1	1997	4	46592	0	1	1	0	0	0	0	1	1	0	0	0	0	0	0	0	2	2
2013	9	1110059	1	1966	1	1	2002	9	46592	1	0	1	0	1	1	0	0	0	0	0	0	0	0	0	1	1	2
2013	9	1110059	2	1980	1	1	2011	1	69220	0	1	1	0	0	0	0	0	0	0	0	0	0	0	0	0	1	1
2013	9	1110059	2	1970	1	1	2006	11	56111	0	1	1	0	1	1	0	0	0	0	0	0	0	0	0	0	2	2
2013	9	1110059	1	1978	1	1	2011	3	56111	1	0	1	0	1	1	0	0	0	2	0	2	0	0	0	3	1	4
2013	9	1110059	1	1971	1	1	2007	8	56111	1	0	1	0	0	0	1	1	2	0	2	2	0	0	0	2	3	5
2013	9	1110059	1	1961	1	1	2007	10	56111	1	0	1	0	0	0	0	0	0	2	1	3	0	0	0	3	1	4
2013	9	1110059	1	1954	1	1	2001	6	91223	1	0	1	0	0	0	0	1	1	0	0	0	1	1	2	2	2	4
2013	9	1110059	2	1953	4	1	2005	7	94920	0	0	0	0	0	0	1	1	2	0	0	0	0	0	0	1	1	2
2013	9	1110059	1	1972	1	1	2011	3	56111	1	0	1	0	0	0	1	4	5	0	0	0	0	0	0	2	4	6
2013	9	1110059	2	1966	1	1	2012	1	91223	0	1	1	0	0	0	0	0	0	0	0	0	0	0	0	0	1	1
2013	9	1110059	2	1962	1	1	2010	9	91223	0	1	1	0	0	0	0	2	2	0	0	0	0	0	0	0	3	3
2013	9	1110059	1	1959	1	1	1993	2	86201	1	0	1	0	0	0	1	1	2	0	0	0	0	0	0	2	1	3
2013	9	1110059	1	1948	1	1	2002	12	47416	1	0	1	0	0	0	0	1	1	0	0	0	0	0	0	1	1	2
2013	9	1110059	1	1980	1	1	2011	8	95212	1	0	1	0	0	0	1	0	1	0	0	0	0	0	0	2	0	2
2013	9	1110059	1	1971	1	1	2002	12	69190	1	0	1	0	0	0	0	0	0	1	0	1	0	0	0	2	0	2
2013	9	1110059	1	1940	4	1	1990	12	94912	0	0	0	0	0	0	1	0	1	0	0	0	0	1	1	1	1	2
2013	9	1110059	1	1956	1	1	2012	9	42412	1	0	1	0	1	1	0	0	0	0	0	0	0	0	0	1	1	2
2013	9	1110059	1	1961	1	1	2009	3	95212	1	0	1	0	0	0	1	0	1	0	0	0	0	0	0	2	0	2
2013	9	1110059	1	1962	4	1	1972	4	94912	0	0	0	0	0	0	10	9	19	0	0	0	0	0	0	10	9	19
2013	9	1110059	2	1958	4	1	2008	12	85659	0	0	0	0	0	0	0	1	1	0	1	1	0	0	0	0	2	2
2013	9	1110059	1	1965	1	1	2007	2	14411	1	0	1	0	1	1	0	0	0	0	0	0	0	0	0	1	1	2
2013	9	1110059	1	1965	1	1	2002	11	85502	1	0	1	0	0	0	1	2	3	0	0	0	0	0	0	2	2	4
2013	9	1110059	2	1961	4	1	2006	6	94912	0	0	0	0	0	0	0	1	1	1	0	1	0	0	0	1	1	2
2013	9	1110059	2	1954	1	1	2009	3	47519	0	1	1	1	0	1	0	0	0	0	0	0	0	0	0	1	1	2
2013	9	1110059	1	1946	1	1	2010	8	56112	1	0	1	0	1	1	0	0	0	0	0	0	0	0	0	1	1	2
2013	9	1110059	2	1952	5	1	1987	3	85211	0	0	0	0	0	0	19	57	76	0	0	0	0	0	0	19	57	76
2013	9	1110059	1	1943	1	1	2012	9	47320	1	0	1	0	0	0	0	0	0	0	0	0	0	0	0	1	0	1
2013	9	1110059	2	1955	1	1	2011	8	14300	0	1	1	0	0	0	0	2	2	0	0	0	0	0	0	0	3	3
2013	9	1110059	1	1963	1	1	2002	11	95212	1	0	1	0	0	0	0	0	0	0	0	0	0	0	0	1	0	1
2013	9	1110059	1	1969	1	1	2008	6	42412	1	0	1	0	0	0	0	0	0	0	0	0	0	0	0	1	0	1
2013	9	1110059	2	1937	1	1	2011	10	46791	0	1	1	0	1	1	1	0	1	0	0	0	0	0	0	1	2	3
2013	9	1110059	1	1985	1	1	2011	12	56111	1	0	1	1	1	2	0	0	0	0	0	0	0	0	0	2	1	3
2013	9	1110059	1	1964	1	1	1992	3	14411	1	0	1	0	1	1	0	0	0	0	0	0	0	0	0	1	1	2
2013	9	1110059	1	1967	1	1	1995	4	46712	1	0	1	0	0	0	0	0	0	0	0	0	0	0	0	1	0	1
2013	9	1110059	2	1962	1	1	2010	11	47711	0	1	1	0	0	0	2	0	2	0	0	0	0	0	0	2	1	3
2013	9	1110059	1	1966	4	1	2001	9	68211	0	0	0	0	0	0	6	1	7	0	0	0	0	0	0	6	1	7
2013	9	1110059	1	1952	2	2	1987	9	46413	0	0	0	0	0	0	4	2	6	0	0	0	0	0	0	4	2	6
2013	9	1110059	2	1964	1	1	2009	7	47122	0	1	1	0	0	0	0	0	0	3	3	6	0	0	0	3	4	7
2013	9	1110059	2	1987	1	1	2013	1	47852	0	1	1	0	0	0	0	0	0	0	0	0	0	0	0	0	1	1
2013	9	1110059	2	1970	1	1	2008	3	96912	0	1	1	1	0	1	0	0	0	0	0	0	0	0	0	1	1	2
2013	9	1110059	1	1953	1	1	1999	8	68221	1	0	1	0	0	0	0	0	0	0	0	0	0	0	0	1	0	1
2013	9	1110059	1	1965	1	1	2004	3	86201	1	0	1	0	0	0	0	2	2	0	0	0	0	0	0	1	2	3
2013	9	1110059	2	1943	1	1	1994	6	47611	0	1	1	1	0	1	0	0	0	0	0	0	0	0	0	1	1	2
2013	9	1110059	1	1975	2	3	2010	5	47312	0	0	0	0	0	0	3	1	4	0	0	0	0	0	0	3	1	4
2013	9	1110059	2	1965	1	1	2006	9	56114	0	1	1	0	0	0	0	0	0	0	0	0	0	1	1	0	2	2
2013	9	1110059	1	1957	1	1	2000	8	47822	1	0	1	0	0	0	3	0	3	0	0	0	0	0	0	4	0	4
2013	9	1110059	1	1957	1	1	2007	4	56111	1	0	1	0	0	0	1	2	3	0	2	2	1	0	1	3	4	7
2013	9	1110059	2	1954	1	1	2010	9	56191	0	1	1	0	0	0	0	2	2	0	6	6	0	0	0	0	9	9
2013	9	1110059	1	1942	1	1	1995	9	47811	1	0	1	0	0	0	0	4	4	0	0	0	0	0	0	1	4	5
2013	9	1110059	2	1972	1	1	2005	1	47430	0	1	1	0	0	0	0	0	0	0	0	0	0	0	0	0	1	1
2013	9	1110059	1	1964	1	1	2012	1	47813	1	0	1	0	0	0	0	1	1	0	0	0	0	0	0	1	1	2
2013	9	1110059	1	1958	1	1	2011	9	52915	1	0	1	0	0	0	0	0	0	0	0	0	0	0	0	1	0	1
2013	9	1110059	1	1957	1	1	2006	6	86201	1	0	1	0	0	0	2	8	10	0	0	0	0	0	0	3	8	11
2013	9	1110059	1	1961	2	3	2005	5	64121	0	0	0	0	0	0	6	5	11	0	0	0	0	0	0	6	5	11
2013	9	1110059	2	1954	1	1	1999	9	56111	0	1	1	1	0	1	1	0	1	0	0	0	0	0	0	2	1	3
2013	9	1110059	1	1961	1	1	2002	12	45211	1	0	1	0	0	0	3	0	3	0	1	1	0	0	0	4	1	5
2013	9	1110059	2	1954	1	1	2013	6	56111	0	1	1	1	0	1	0	0	0	1	0	1	0	0	0	2	1	3
2013	9	1110059	2	1975	1	1	2005	10	46622	0	1	1	0	0	0	1	0	1	0	0	0	0	0	0	1	1	2
2013	9	1110059	1	1965	1	1	2003	8	42412	1	0	1	0	1	1	0	0	0	0	0	0	0	0	0	1	1	2
2013	9	1110059	1	1970	2	1	2005	8	28122	0	0	0	0	0	0	4	1	5	0	0	0	0	0	0	4	1	5
2013	9	1110059	1	1970	1	1	2007	11	56111	1	0	1	0	1	1	0	0	0	0	1	1	0	0	0	1	2	3
2013	9	1110059	2	1968	1	1	2010	8	18119	0	1	1	0	0	0	1	0	1	0	0	0	0	0	0	1	1	2
2013	9	1110059	1	1964	1	1	2002	6	56111	1	0	1	0	0	0	0	1	1	0	0	0	0	0	0	1	1	2
2013	9	1110059	2	1976	1	1	2004	9	96112	0	1	1	0	0	0	0	0	0	0	1	1	0	0	0	0	2	2
2013	9	1110059	2	1977	1	1	2007	12	68221	0	1	1	0	0	0	0	1	1	0	0	0	0	0	0	0	2	2
2013	9	1110059	1	1967	2	1	2008	3	46329	0	0	0	0	0	0	3	0	3	1	0	1	0	0	0	4	0	4
2013	9	1110059	1	1964	1	1	2009	4	68221	1	0	1	0	0	0	0	1	1	0	0	0	0	0	0	1	1	2
2013	9	1110059	1	1945	5	1	2009	5	84404	0	0	0	0	0	0	1	0	1	0	0	0	0	0	0	1	0	1
2013	9	1110059	1	1974	1	1	2009	6	47214	1	0	1	0	0	0	0	0	0	2	2	4	0	0	0	3	2	5
2013	9	1110059	2	1950	1	1	1996	3	10612	0	1	1	0	0	0	0	0	0	0	0	0	0	0	0	0	1	1
2013	9	1110059	2	1974	1	1	2011	12	56193	0	1	1	1	0	1	0	0	0	0	0	0	0	0	0	1	1	2
2013	9	1110059	2	1987	1	1	2002	5	96112	0	1	1	0	0	0	0	0	0	0	0	0	0	0	0	0	1	1
2013	9	1110059	2	1955	1	1	2008	3	47513	0	1	1	1	0	1	0	0	0	1	0	1	0	0	0	2	1	3
2013	9	1110059	2	1971	1	1	2011	5	56111	0	1	1	0	0	0	0	0	0	0	0	0	0	0	0	0	1	1
2013	9	1110059	2	1957	1	1	1992	3	47413	0	1	1	0	0	0	0	0	0	0	0	0	0	0	0	0	1	1
2013	9	1110059	2	1962	1	1	2008	1	56192	0	1	1	0	0	0	0	0	0	0	1	1	0	0	0	0	2	2
2013	9	1110059	1	1936	1	1	1980	6	47511	1	0	1	0	0	0	0	0	0	0	0	0	0	0	0	1	0	1
2013	9	1110059	2	1956	1	1	2011	11	56219	0	1	1	1	0	1	0	0	0	0	0	0	0	0	0	1	1	2
2013	9	1110059	1	1947	1	1	2009	1	47214	1	0	1	0	1	1	0	0	0	0	0	0	0	0	0	1	1	2
2013	9	1110059	2	1950	1	1	1989	12	47214	0	1	1	0	1	1	0	0	0	0	1	1	0	0	0	0	3	3
2013	9	1110059	2	1955	1	1	2004	12	56219	0	1	1	0	0	0	0	1	1	0	1	1	0	0	0	0	3	3
2013	9	1110059	2	1944	1	1	2011	3	56194	0	1	1	0	0	0	0	2	2	0	1	1	0	0	0	0	4	4
2013	9	1110059	1	1950	1	1	1999	4	68212	1	0	1	0	0	0	4	1	5	0	0	0	0	0	0	5	1	6
2013	9	1110059	2	1968	1	1	2006	5	86203	0	1	1	0	0	0	0	1	1	0	0	0	0	0	0	0	2	2
2013	9	1110059	2	1944	1	1	1989	7	47813	0	1	1	0	0	0	0	0	0	0	0	0	0	0	0	0	1	1
2013	9	1110059	1	1939	1	1	2011	10	47859	1	0	1	0	0	0	0	0	0	0	0	0	0	0	0	1	0	1
2013	9	1110059	1	1973	1	1	2008	12	47212	1	0	1	0	0	0	0	0	0	0	0	0	0	0	0	1	0	1
2013	9	1110059	2	1964	1	1	2005	5	47122	0	1	1	0	0	0	1	0	1	2	2	4	0	0	0	3	3	6
2013	9	1110059	1	1977	1	1	2011	2	91132	1	0	1	0	0	0	2	1	3	0	0	0	0	0	0	3	1	4
2013	9	1110059	1	1971	1	1	2007	12	47811	1	0	1	0	0	0	3	4	7	0	3	3	0	0	0	4	7	11
2013	9	1110059	1	1966	2	1	2008	10	46417	0	0	0	0	0	0	2	1	3	0	0	0	0	0	0	2	1	3
2013	9	1110059	2	1974	1	1	2005	2	47122	0	1	1	0	0	0	1	0	1	2	0	2	0	0	0	3	1	4
2013	9	1110059	1	1945	1	1	2007	3	75110	1	0	1	1	0	1	0	0	0	0	0	0	0	0	0	2	0	2
2013	9	1110059	2	1965	1	1	2001	10	56193	0	1	1	1	0	1	0	0	0	0	0	0	0	0	0	1	1	2
2013	9	1110059	2	1971	1	1	2008	10	47129	0	1	1	1	0	1	0	0	0	0	0	0	0	0	0	1	1	2
2013	9	1110059	1	1961	1	1	2005	12	68221	1	0	1	0	0	0	0	0	0	0	0	0	0	0	0	1	0	1
2013	9	1110059	2	1970	1	1	2009	3	87210	0	1	1	0	0	0	0	3	3	0	0	0	0	0	0	0	4	4
2013	9	1110059	2	1967	1	1	2013	3	87210	0	1	1	0	0	0	0	4	4	0	0	0	0	0	0	0	5	5
2013	9	1110059	2	1961	1	1	2002	12	85501	0	1	1	0	0	0	0	0	0	0	1	1	0	0	0	0	2	2
2013	9	1110059	2	1968	1	1	2005	11	87210	0	1	1	0	0	0	0	4	4	0	0	0	0	0	0	0	5	5
2013	9	1110059	1	1960	1	1	2006	3	42412	1	0	1	0	1	1	0	0	0	0	0	0	0	0	0	1	1	2
2013	9	1110059	2	1952	1	1	2007	1	68221	0	1	1	0	0	0	0	1	1	0	0	0	0	0	0	0	2	2
2013	9	1110059	1	1969	1	1	2011	5	47122	1	0	1	0	1	1	0	0	0	1	1	2	0	0	0	2	2	4
2013	9	1110059	1	1958	1	1	2010	3	68221	1	0	1	0	0	0	1	0	1	0	0	0	0	0	0	2	0	2
2013	9	1110059	1	1960	1	1	2006	6	47212	1	0	1	0	0	0	0	0	0	0	0	0	0	0	0	1	0	1
2013	9	1110059	1	1955	1	1	1997	5	47513	1	0	1	0	1	1	0	0	0	0	0	0	0	0	0	1	1	2
2013	9	1110059	1	1959	1	1	1989	4	95391	1	0	1	0	0	0	0	0	0	0	0	0	0	0	0	1	0	1
2013	9	1110059	1	1948	1	1	2000	11	96111	1	0	1	0	0	0	0	0	0	0	0	0	0	0	0	1	0	1
2013	9	1110059	1	1968	1	1	1995	12	96912	1	0	1	0	1	1	0	0	0	0	0	0	0	0	0	1	1	2
2013	9	1110059	1	1957	1	1	2008	1	56111	1	0	1	0	1	1	0	1	1	0	0	0	0	0	0	1	2	3
2013	9	1110059	2	1964	1	1	2009	11	96121	0	1	1	0	0	0	0	0	0	2	2	4	0	0	0	2	3	5
2013	9	1110059	2	1970	1	1	2011	6	56111	0	1	1	0	0	0	0	0	0	0	0	0	0	0	0	0	1	1
2013	9	1110059	2	1957	1	1	2011	3	47129	0	1	1	1	0	1	0	0	0	0	0	0	0	0	0	1	1	2
2013	9	1110059	2	1961	1	1	2004	10	56111	0	1	1	0	0	0	0	0	0	1	1	2	0	0	0	1	2	3
2013	9	1110059	1	1952	1	1	2003	7	47129	1	0	1	0	1	1	0	0	0	0	0	0	0	0	0	1	1	2
2013	9	1110059	1	1972	1	1	2011	1	56111	1	0	1	0	0	0	0	0	0	0	1	1	0	0	0	1	1	2
2013	9	1110059	2	1970	1	1	2009	10	68221	0	1	1	0	0	0	0	1	1	0	0	0	0	0	0	0	2	2
2013	9	1110059	2	1968	1	1	2008	10	47312	0	1	1	0	0	0	1	0	1	0	0	0	0	0	0	1	1	2
2013	9	1110059	1	1942	1	1	1999	11	47420	1	0	1	0	1	1	0	0	0	0	0	0	0	0	0	1	1	2
2013	9	1110059	2	1963	1	1	2008	8	95391	0	1	1	0	0	0	0	0	0	0	0	0	0	0	0	0	1	1
2013	9	1110059	2	1957	2	1	2006	10	42110	0	0	0	0	0	0	1	1	2	0	0	0	0	0	0	1	1	2
2013	9	1110059	1	1958	1	1	2011	6	56111	1	0	1	0	0	0	2	1	3	2	2	4	0	0	0	5	3	8
2013	9	1110059	1	1987	1	1	2011	11	96113	1	0	1	0	1	1	0	0	0	0	0	0	0	0	0	1	1	2
2013	9	1110059	2	1953	1	1	2006	1	96113	0	1	1	0	0	0	0	0	0	0	0	0	0	0	0	0	1	1
2013	9	1110059	1	1954	1	1	2005	2	68221	1	0	1	0	0	0	1	0	1	0	0	0	0	0	0	2	0	2
2013	9	1110059	1	1962	3	3	1981	7	64121	0	0	0	0	0	0	6	9	15	0	0	0	0	0	0	6	9	15
2013	9	1110059	2	1964	1	1	2009	8	96113	0	1	1	0	0	0	0	0	0	0	1	1	0	0	0	0	2	2
2013	9	1110059	2	1965	1	1	2005	4	47612	0	1	1	1	0	1	0	0	0	0	0	0	0	0	0	1	1	2
2013	9	1110059	1	1958	4	1	2004	12	68212	0	0	0	0	0	0	1	4	5	0	0	0	0	0	0	1	4	5
2013	9	1110059	1	1967	1	1	2005	4	86202	1	0	1	0	0	0	0	3	3	0	0	0	0	0	0	1	3	4
2013	9	1110059	1	1955	1	1	2005	7	56111	1	0	1	0	0	0	0	2	2	2	0	2	0	0	0	3	2	5
2013	9	1110059	1	1957	2	1	1998	3	46105	0	0	0	0	0	0	2	0	2	0	0	0	0	0	0	2	0	2
2013	9	1110059	2	1963	1	1	2005	10	86201	0	1	1	0	0	0	1	11	12	0	0	0	0	0	0	1	12	13
2013	9	1110059	2	1957	1	1	2005	3	87210	0	1	1	0	0	0	0	4	4	0	0	0	0	0	0	0	5	5
2013	9	1110059	1	1952	4	1	1990	9	68211	0	0	0	0	0	0	17	2	19	0	0	0	0	0	0	17	2	19
2013	9	1110059	2	1971	1	1	2007	8	85501	0	1	1	0	0	0	0	0	0	0	0	0	0	0	0	0	1	1
2013	9	1110059	2	1964	1	1	2004	2	87210	0	1	1	0	0	0	0	3	3	0	0	0	0	0	0	0	4	4
2013	9	1110059	2	1961	1	1	2000	8	87210	0	1	1	0	0	0	0	4	4	0	0	0	0	0	0	0	5	5
2013	9	1110059	1	1966	1	1	2006	11	47812	1	0	1	0	0	0	0	1	1	0	0	0	0	0	0	1	1	2
2013	9	1110059	1	1960	1	1	1998	8	42412	1	0	1	0	0	0	0	0	0	0	0	0	0	0	0	1	0	1
2013	9	1110059	1	1967	1	1	2002	7	96912	1	0	1	0	0	0	0	0	0	0	0	0	0	0	0	1	0	1
2013	9	1110059	1	1969	1	1	2010	3	42412	1	0	1	0	1	1	0	0	0	0	0	0	0	0	0	1	1	2
2013	9	1110059	2	1968	1	1	2010	12	85501	0	1	1	0	0	0	0	0	0	0	0	0	0	0	0	0	1	1
2013	9	1110059	1	1978	1	1	2010	1	91132	1	0	1	0	0	0	0	2	2	0	0	0	0	0	0	1	2	3
2013	9	1110059	2	1977	1	1	2007	1	86202	0	1	1	0	0	0	0	6	6	0	0	0	0	0	0	0	7	7
2013	9	1110059	2	1974	1	1	2008	9	85620	0	1	1	0	0	0	0	0	0	0	1	1	0	0	0	0	2	2
2013	9	1110059	1	1940	1	1	2003	2	96111	1	0	1	0	0	0	0	0	0	0	0	0	0	0	0	1	0	1
2013	9	1110059	2	1947	1	1	2009	9	47213	0	1	1	1	0	1	0	0	0	0	0	0	0	0	0	1	1	2
2013	9	1110059	2	1970	1	1	2011	10	47416	0	1	1	0	0	0	0	0	0	0	1	1	0	0	0	0	2	2
2013	9	1110059	1	1950	1	1	2010	3	96992	1	0	1	0	0	0	0	0	0	0	0	0	0	0	0	1	0	1
2013	9	1110059	2	1947	1	1	2010	2	96992	0	1	1	0	0	0	0	0	0	0	0	0	0	0	0	0	1	1
2013	9	1110059	2	1987	1	1	2013	9	47413	0	1	1	0	0	0	0	0	0	0	1	1	0	0	0	0	2	2
2013	9	1110059	1	1955	2	1	2005	3	41225	0	0	0	0	0	0	3	0	3	0	0	0	0	0	0	3	0	3
2013	9	1110059	2	1970	1	1	2006	5	85620	0	1	1	0	0	0	0	0	0	0	0	0	0	0	0	0	1	1
2013	9	1110059	2	1970	1	1	2009	6	68221	0	1	1	1	0	1	0	0	0	0	0	0	0	0	0	1	1	2
2013	9	1110059	2	1982	1	1	2010	11	96113	0	1	1	0	0	0	0	0	0	0	0	0	0	0	0	0	1	1
2013	9	1110059	2	1949	1	1	1990	4	96912	0	1	1	1	0	1	0	0	0	0	0	0	0	0	0	1	1	2
2013	9	1110059	1	1956	2	1	2002	8	46332	0	0	0	0	0	0	1	0	1	0	0	0	0	0	0	1	0	1
2013	9	1110059	2	1958	1	1	2011	4	56111	0	1	1	0	0	0	0	0	0	0	0	0	0	0	0	0	1	1
2013	9	1110059	2	1978	1	1	2011	5	47416	0	1	1	0	0	0	0	0	0	0	0	0	0	0	0	0	1	1
2013	9	1110059	1	1961	1	1	1999	4	86201	1	0	1	0	0	0	0	2	2	0	0	0	0	0	0	1	2	3
2013	9	1110059	2	1974	1	1	2005	2	47811	0	1	1	0	1	1	1	1	2	0	0	0	0	0	0	1	3	4
2013	9	1110059	2	1959	1	1	2009	7	68221	0	1	1	0	0	0	0	1	1	0	0	0	0	0	0	0	2	2
2013	9	1110059	2	1971	1	1	2009	9	47813	0	1	1	0	0	0	0	0	0	0	0	0	0	0	0	0	1	1
2013	9	1110059	1	1961	2	1	1995	3	52991	0	0	0	0	0	0	1	0	1	1	0	1	0	0	0	2	0	2
2013	9	1110059	1	1955	1	1	1987	4	86201	1	0	1	0	0	0	0	4	4	0	0	0	0	0	0	1	4	5
2013	9	1110059	1	1970	1	1	2011	9	47813	1	0	1	0	0	0	0	0	0	0	3	3	0	0	0	1	3	4
2013	9	1110059	1	1961	1	1	2007	10	72112	1	0	1	0	0	0	0	0	0	0	0	0	0	0	0	1	0	1
2013	9	1110059	1	1960	1	1	2009	11	46741	1	0	1	0	0	0	0	0	0	1	0	1	0	0	0	2	0	2
2013	9	1110059	2	1942	1	1	1995	11	42311	0	1	1	1	0	1	0	0	0	0	0	0	0	0	0	1	1	2
2013	9	1110059	1	1960	2	3	2003	3	85503	0	0	0	0	0	0	5	10	15	0	0	0	0	0	0	5	10	15
2013	9	1110059	1	1961	1	1	2000	5	86201	1	0	1	0	0	0	1	6	7	0	0	0	0	0	0	2	6	8
2013	9	1110059	2	1959	1	1	2006	2	95391	0	1	1	0	0	0	0	0	0	0	0	0	0	0	0	0	1	1
2013	9	1110059	2	1961	1	1	2002	10	85620	0	1	1	0	0	0	0	1	1	0	0	0	0	0	0	0	2	2
2013	9	1110059	1	1968	1	1	2003	1	85611	1	0	1	0	0	0	2	1	3	0	0	0	0	0	0	3	1	4
2013	9	1110059	2	1960	1	1	2010	1	68221	0	1	1	1	0	1	0	0	0	0	0	0	0	0	0	1	1	2
2013	9	1110059	2	1967	1	1	2003	5	96112	0	1	1	0	0	0	0	1	1	0	0	0	0	0	0	0	2	2
2013	9	1110059	1	1956	1	1	2010	5	68221	1	0	1	0	0	0	1	0	1	0	0	0	0	0	0	2	0	2
2013	9	1110059	2	1955	1	1	2009	9	68221	0	1	1	1	0	1	0	0	0	0	0	0	0	0	0	1	1	2
2013	9	1110059	2	1972	1	1	2008	1	96112	0	1	1	0	0	0	0	0	0	1	0	1	0	0	0	1	1	2
2013	9	1110059	2	1960	1	1	2010	8	47216	0	1	1	0	0	0	0	0	0	0	1	1	0	0	0	0	2	2
2013	9	1110059	1	1962	5	1	1977	7	84113	0	0	0	0	0	0	6	11	17	2	0	2	0	0	0	8	11	19
2013	9	1110059	2	1963	1	1	2011	1	85501	0	1	1	0	0	0	0	1	1	0	0	0	0	0	0	0	2	2
2013	9	1110059	2	1960	1	1	1991	9	85620	0	1	1	0	0	0	0	2	2	0	0	0	0	0	0	0	3	3
2013	9	1110059	2	1946	1	1	2010	1	96112	0	1	1	0	0	0	0	0	0	0	1	1	0	0	0	0	2	2
2013	9	1110059	2	1962	1	1	2011	4	56111	0	1	1	0	0	0	0	0	0	0	1	1	0	0	0	0	2	2
2013	9	1110059	2	1949	1	1	1997	4	56111	0	1	1	0	0	0	0	0	0	0	1	1	0	0	0	0	2	2
2013	9	1110059	2	1956	1	1	2000	8	95391	0	1	1	0	0	0	0	0	0	0	0	0	0	0	0	0	1	1
2013	9	1110059	2	1963	1	1	2009	3	96112	0	1	1	0	0	0	0	0	0	0	0	0	0	0	0	0	1	1
2013	9	1110059	1	1935	1	1	2000	1	47513	1	0	1	0	1	1	0	0	0	0	0	0	0	0	0	1	1	2
2013	9	1110059	2	1948	1	1	2012	1	56111	0	1	1	1	0	1	0	0	0	0	0	0	0	0	0	1	1	2
2013	9	1110059	1	1960	1	1	2013	8	68221	1	0	1	0	0	0	0	0	0	1	0	1	0	0	0	2	0	2
2013	9	1110059	2	1971	1	1	2006	7	96112	0	1	1	0	0	0	0	0	0	0	1	1	0	0	0	0	2	2
2013	9	1110059	1	1959	1	1	1999	11	47591	1	0	1	0	0	0	0	0	0	0	0	0	0	0	0	1	0	1
2013	9	1110059	2	1967	1	1	2011	4	96112	0	1	1	0	0	0	0	0	0	0	1	1	0	0	0	0	2	2
